{"bow_log_reg_sklearn_train": 0.9977685523449276, "bow_log_reg_sklearn_test": 0.8632912603519866, "bow_nn_torch_train": 0.9965782118315615, "bow_nn_torch_test": 0.8728732015512894, "bow_k_vary": [0.6877198285188056, 0.8118746269370731, 0.8387047146455944, 0.8491004630601109, 0.8532298415549426, 0.8561534589252962, 0.8570265213084844, 0.8595163256142152, 0.8615701423537457], "tf_idf_nn_torch_train": 0.9791982144571711, "tf_idf_nn_torch_test": 0.8749824680810351, "tf_idf_k_vary": [0.683814967311805, 0.8195218053581894, 0.842285031492219, 0.853321170621179, 0.8569982527879829, 0.8587628608177649, 0.8595761244075842, 0.8609754161724206, 0.8621398617669347], "bow_nb_sklearn_train": 0.9849543587926108, "bow_nb_sklearn_test": 0.8761142961518933, "tf_idf_nb_sklearn_train": 0.9781866013438056, "tf_idf_nb_sklearn_test": 0.8853070015689029, "emb_nn_torch_train": 0.9891176653040106, "emb_nn_torch_test": 0.8939756521058416}