This is pdfTeX, Version 3.141592653-2.6-1.40.29 (TeX Live 2026) (preloaded format=pdflatex 2026.4.17)  4 JUN 2026 13:52
entering extended mode
 restricted \write18 enabled.
 file:line:error style messages enabled.
 %&-line parsing enabled.
**c:/dev/nlp_-_rl_mipt_course/conspect/NLP&RL.tex
(c:/dev/nlp_-_rl_mipt_course/conspect/NLP&RL.tex
LaTeX2e <2025-11-01>
L3 programming layer <2026-03-20>
(c:/texlive/2026/texmf-dist/tex/latex/base/article.cls
Document Class: article 2025/01/22 v1.4n Standard LaTeX document class
(c:/texlive/2026/texmf-dist/tex/latex/base/size12.clo
File: size12.clo 2025/01/22 v1.4n Standard LaTeX file (size option)
)
\c@part=\count275
\c@section=\count276
\c@subsection=\count277
\c@subsubsection=\count278
\c@paragraph=\count279
\c@subparagraph=\count280
\c@figure=\count281
\c@table=\count282
\abovecaptionskip=\skip49
\belowcaptionskip=\skip50
\bibindent=\dimen150
) (c:/texlive/2026/texmf-dist/tex/latex/base/fontenc.sty
Package: fontenc 2025/07/18 v2.1d Standard LaTeX package
 (c:/texlive/2026/texmf-dist/tex/latex/cyrillic/t2aenc.def
File: t2aenc.def 2023/11/07 v1.0k Cyrillic encoding definition file
Now handling font encoding T2A ...
... processing UTF-8 mapping file for font encoding T2A
 (c:/texlive/2026/texmf-dist/tex/latex/base/t2aenc.dfu
File: t2aenc.dfu 2022/06/07 v1.3c UTF-8 support
   defining Unicode char U+00A4 (decimal 164)
   defining Unicode char U+00A7 (decimal 167)
   defining Unicode char U+00AB (decimal 171)
   defining Unicode char U+00BB (decimal 187)
   defining Unicode char U+0131 (decimal 305)
   defining Unicode char U+0237 (decimal 567)
   defining Unicode char U+0400 (decimal 1024)
   defining Unicode char U+0401 (decimal 1025)
   defining Unicode char U+0402 (decimal 1026)
   defining Unicode char U+0403 (decimal 1027)
   defining Unicode char U+0404 (decimal 1028)
   defining Unicode char U+0405 (decimal 1029)
   defining Unicode char U+0406 (decimal 1030)
   defining Unicode char U+0407 (decimal 1031)
   defining Unicode char U+0408 (decimal 1032)
   defining Unicode char U+0409 (decimal 1033)
   defining Unicode char U+040A (decimal 1034)
   defining Unicode char U+040B (decimal 1035)
   defining Unicode char U+040C (decimal 1036)
   defining Unicode char U+040D (decimal 1037)
   defining Unicode char U+040E (decimal 1038)
   defining Unicode char U+040F (decimal 1039)
   defining Unicode char U+0410 (decimal 1040)
   defining Unicode char U+0411 (decimal 1041)
   defining Unicode char U+0412 (decimal 1042)
   defining Unicode char U+0413 (decimal 1043)
   defining Unicode char U+0414 (decimal 1044)
   defining Unicode char U+0415 (decimal 1045)
   defining Unicode char U+0416 (decimal 1046)
   defining Unicode char U+0417 (decimal 1047)
   defining Unicode char U+0418 (decimal 1048)
   defining Unicode char U+0419 (decimal 1049)
   defining Unicode char U+041A (decimal 1050)
   defining Unicode char U+041B (decimal 1051)
   defining Unicode char U+041C (decimal 1052)
   defining Unicode char U+041D (decimal 1053)
   defining Unicode char U+041E (decimal 1054)
   defining Unicode char U+041F (decimal 1055)
   defining Unicode char U+0420 (decimal 1056)
   defining Unicode char U+0421 (decimal 1057)
   defining Unicode char U+0422 (decimal 1058)
   defining Unicode char U+0423 (decimal 1059)
   defining Unicode char U+0424 (decimal 1060)
   defining Unicode char U+0425 (decimal 1061)
   defining Unicode char U+0426 (decimal 1062)
   defining Unicode char U+0427 (decimal 1063)
   defining Unicode char U+0428 (decimal 1064)
   defining Unicode char U+0429 (decimal 1065)
   defining Unicode char U+042A (decimal 1066)
   defining Unicode char U+042B (decimal 1067)
   defining Unicode char U+042C (decimal 1068)
   defining Unicode char U+042D (decimal 1069)
   defining Unicode char U+042E (decimal 1070)
   defining Unicode char U+042F (decimal 1071)
   defining Unicode char U+0430 (decimal 1072)
   defining Unicode char U+0431 (decimal 1073)
   defining Unicode char U+0432 (decimal 1074)
   defining Unicode char U+0433 (decimal 1075)
   defining Unicode char U+0434 (decimal 1076)
   defining Unicode char U+0435 (decimal 1077)
   defining Unicode char U+0436 (decimal 1078)
   defining Unicode char U+0437 (decimal 1079)
   defining Unicode char U+0438 (decimal 1080)
   defining Unicode char U+0439 (decimal 1081)
   defining Unicode char U+043A (decimal 1082)
   defining Unicode char U+043B (decimal 1083)
   defining Unicode char U+043C (decimal 1084)
   defining Unicode char U+043D (decimal 1085)
   defining Unicode char U+043E (decimal 1086)
   defining Unicode char U+043F (decimal 1087)
   defining Unicode char U+0440 (decimal 1088)
   defining Unicode char U+0441 (decimal 1089)
   defining Unicode char U+0442 (decimal 1090)
   defining Unicode char U+0443 (decimal 1091)
   defining Unicode char U+0444 (decimal 1092)
   defining Unicode char U+0445 (decimal 1093)
   defining Unicode char U+0446 (decimal 1094)
   defining Unicode char U+0447 (decimal 1095)
   defining Unicode char U+0448 (decimal 1096)
   defining Unicode char U+0449 (decimal 1097)
   defining Unicode char U+044A (decimal 1098)
   defining Unicode char U+044B (decimal 1099)
   defining Unicode char U+044C (decimal 1100)
   defining Unicode char U+044D (decimal 1101)
   defining Unicode char U+044E (decimal 1102)
   defining Unicode char U+044F (decimal 1103)
   defining Unicode char U+0450 (decimal 1104)
   defining Unicode char U+0451 (decimal 1105)
   defining Unicode char U+0452 (decimal 1106)
   defining Unicode char U+0453 (decimal 1107)
   defining Unicode char U+0454 (decimal 1108)
   defining Unicode char U+0455 (decimal 1109)
   defining Unicode char U+0456 (decimal 1110)
   defining Unicode char U+0457 (decimal 1111)
   defining Unicode char U+0458 (decimal 1112)
   defining Unicode char U+0459 (decimal 1113)
   defining Unicode char U+045A (decimal 1114)
   defining Unicode char U+045B (decimal 1115)
   defining Unicode char U+045C (decimal 1116)
   defining Unicode char U+045D (decimal 1117)
   defining Unicode char U+045E (decimal 1118)
   defining Unicode char U+045F (decimal 1119)
   defining Unicode char U+0490 (decimal 1168)
   defining Unicode char U+0491 (decimal 1169)
   defining Unicode char U+0492 (decimal 1170)
   defining Unicode char U+0493 (decimal 1171)
   defining Unicode char U+0496 (decimal 1174)
   defining Unicode char U+0497 (decimal 1175)
   defining Unicode char U+0498 (decimal 1176)
   defining Unicode char U+0499 (decimal 1177)
   defining Unicode char U+049A (decimal 1178)
   defining Unicode char U+049B (decimal 1179)
   defining Unicode char U+049C (decimal 1180)
   defining Unicode char U+049D (decimal 1181)
   defining Unicode char U+04A0 (decimal 1184)
   defining Unicode char U+04A1 (decimal 1185)
   defining Unicode char U+04A2 (decimal 1186)
   defining Unicode char U+04A3 (decimal 1187)
   defining Unicode char U+04A4 (decimal 1188)
   defining Unicode char U+04A5 (decimal 1189)
   defining Unicode char U+04AA (decimal 1194)
   defining Unicode char U+04AB (decimal 1195)
   defining Unicode char U+04AE (decimal 1198)
   defining Unicode char U+04AF (decimal 1199)
   defining Unicode char U+04B0 (decimal 1200)
   defining Unicode char U+04B1 (decimal 1201)
   defining Unicode char U+04B2 (decimal 1202)
   defining Unicode char U+04B3 (decimal 1203)
   defining Unicode char U+04B6 (decimal 1206)
   defining Unicode char U+04B7 (decimal 1207)
   defining Unicode char U+04B8 (decimal 1208)
   defining Unicode char U+04B9 (decimal 1209)
   defining Unicode char U+04BA (decimal 1210)
   defining Unicode char U+04BB (decimal 1211)
   defining Unicode char U+04C0 (decimal 1216)
   defining Unicode char U+04C1 (decimal 1217)
   defining Unicode char U+04C2 (decimal 1218)
   defining Unicode char U+04D0 (decimal 1232)
   defining Unicode char U+04D1 (decimal 1233)
   defining Unicode char U+04D2 (decimal 1234)
   defining Unicode char U+04D3 (decimal 1235)
   defining Unicode char U+04D4 (decimal 1236)
   defining Unicode char U+04D5 (decimal 1237)
   defining Unicode char U+04D6 (decimal 1238)
   defining Unicode char U+04D7 (decimal 1239)
   defining Unicode char U+04D8 (decimal 1240)
   defining Unicode char U+04D9 (decimal 1241)
   defining Unicode char U+04DA (decimal 1242)
   defining Unicode char U+04DB (decimal 1243)
   defining Unicode char U+04DC (decimal 1244)
   defining Unicode char U+04DD (decimal 1245)
   defining Unicode char U+04DE (decimal 1246)
   defining Unicode char U+04DF (decimal 1247)
   defining Unicode char U+04E2 (decimal 1250)
   defining Unicode char U+04E3 (decimal 1251)
   defining Unicode char U+04E4 (decimal 1252)
   defining Unicode char U+04E5 (decimal 1253)
   defining Unicode char U+04E6 (decimal 1254)
   defining Unicode char U+04E7 (decimal 1255)
   defining Unicode char U+04E8 (decimal 1256)
   defining Unicode char U+04E9 (decimal 1257)
   defining Unicode char U+04EC (decimal 1260)
   defining Unicode char U+04ED (decimal 1261)
   defining Unicode char U+04EE (decimal 1262)
   defining Unicode char U+04EF (decimal 1263)
   defining Unicode char U+04F0 (decimal 1264)
   defining Unicode char U+04F1 (decimal 1265)
   defining Unicode char U+04F2 (decimal 1266)
   defining Unicode char U+04F3 (decimal 1267)
   defining Unicode char U+04F4 (decimal 1268)
   defining Unicode char U+04F5 (decimal 1269)
   defining Unicode char U+04F8 (decimal 1272)
   defining Unicode char U+04F9 (decimal 1273)
   defining Unicode char U+200C (decimal 8204)
   defining Unicode char U+2013 (decimal 8211)
   defining Unicode char U+2014 (decimal 8212)
   defining Unicode char U+2018 (decimal 8216)
   defining Unicode char U+2019 (decimal 8217)
   defining Unicode char U+201C (decimal 8220)
   defining Unicode char U+201D (decimal 8221)
   defining Unicode char U+201E (decimal 8222)
   defining Unicode char U+2030 (decimal 8240)
   defining Unicode char U+2031 (decimal 8241)
   defining Unicode char U+2116 (decimal 8470)
   defining Unicode char U+2329 (decimal 9001)
   defining Unicode char U+3008 (decimal 12296)
   defining Unicode char U+232A (decimal 9002)
   defining Unicode char U+3009 (decimal 12297)
   defining Unicode char U+2423 (decimal 9251)
   defining Unicode char U+27E8 (decimal 10216)
   defining Unicode char U+27E9 (decimal 10217)
   defining Unicode char U+FB00 (decimal 64256)
   defining Unicode char U+FB01 (decimal 64257)
   defining Unicode char U+FB02 (decimal 64258)
   defining Unicode char U+FB03 (decimal 64259)
   defining Unicode char U+FB04 (decimal 64260)
   defining Unicode char U+FB05 (decimal 64261)
   defining Unicode char U+FB06 (decimal 64262)
))
LaTeX Font Info:    Trying to load font information for T2A+cmr on input line 116.
 (c:/texlive/2026/texmf-dist/tex/latex/cyrillic/t2acmr.fd
File: t2acmr.fd 2001/08/11 v1.0a Computer Modern Cyrillic font definitions
)) (c:/texlive/2026/texmf-dist/tex/latex/base/inputenc.sty
Package: inputenc 2024/02/08 v1.3d Input encoding file
\inpenc@prehook=\toks17
\inpenc@posthook=\toks18
) (c:/texlive/2026/texmf-dist/tex/generic/babel/babel.sty
Package: babel 2026/04/15 v26.6 The multilingual framework for LuaLaTeX, pdfLaTeX and XeLaTeX
\babel@savecnt=\count283
LaTeX Encoding Info:    Redeclaring text command \ij (encoding OT1) on input line 2078.
LaTeX Encoding Info:    Redeclaring text command \IJ (encoding OT1) on input line 2080.
LaTeX Encoding Info:    Redeclaring text command \ij (encoding T1) on input line 2082.
LaTeX Encoding Info:    Redeclaring text command \IJ (encoding T1) on input line 2083.
LaTeX Encoding Info:    Ignoring declaration for text command \ij (encoding ?) on input line 2084.
LaTeX Encoding Info:    Ignoring declaration for text command \IJ (encoding ?) on input line 2086.
LaTeX Encoding Info:    Ignoring declaration for text command \SS (encoding ?) on input line 2111.
\U@D=\dimen151
\l@unhyphenated=\language91
 (c:/texlive/2026/texmf-dist/tex/generic/babel/txtbabel.def)
\bbl@readstream=\read2
\bbl@dirlevel=\count284
 (c:/texlive/2026/texmf-dist/tex/generic/babel/locale/ru/babel-russian.tex) (c:/texlive/2026/texmf-dist/tex/generic/babel/locale/en/babel-english.tex)
Package babel Info: Importing font and identification data for russian
(babel)             from babel-ru.ini. Reported on input line 4330.
 (c:/texlive/2026/texmf-dist/tex/generic/babel-russian/russianb.ldf
File: russianb.ldf 2021/01/10 1.3m Russian support for the Babel system
Language: russian 2020/09/09 1.3k Russian support for the Babel system
Package babel Info: Making " an active character on input line 124.
Package babel Info: Default for \cyrdash is provided on input line 163.
)
Package babel Info: Importing font and identification data for english
(babel)             from babel-en.ini. Reported on input line 4330.
 (c:/texlive/2026/texmf-dist/tex/generic/babel-english/english.ldf
Language: english 2017/06/06 v3.3r English support from the babel system
Package babel Info: Hyphen rules for 'canadian' set to \l@english
(babel)             (\language0). Reported on input line 102.
Package babel Info: Hyphen rules for 'australian' set to \l@ukenglish
(babel)             (\language22). Reported on input line 105.
Package babel Info: Hyphen rules for 'newzealand' set to \l@ukenglish
(babel)             (\language22). Reported on input line 108.
)) (c:/texlive/2026/texmf-dist/tex/latex/amsmath/amsmath.sty
Package: amsmath 2025/07/09 v2.17z AMS math features
\@mathmargin=\skip51

For additional information on amsmath, use the `?' option.
(c:/texlive/2026/texmf-dist/tex/latex/amsmath/amstext.sty
Package: amstext 2024/11/17 v2.01 AMS text
 (c:/texlive/2026/texmf-dist/tex/latex/amsmath/amsgen.sty
File: amsgen.sty 1999/11/30 v2.0 generic functions
\@emptytoks=\toks19
\ex@=\dimen152
)) (c:/texlive/2026/texmf-dist/tex/latex/amsmath/amsbsy.sty
Package: amsbsy 1999/11/29 v1.2d Bold Symbols
\pmbraise@=\dimen153
) (c:/texlive/2026/texmf-dist/tex/latex/amsmath/amsopn.sty
Package: amsopn 2022/04/08 v2.04 operator names
)
\inf@bad=\count285
LaTeX Info: Redefining \frac on input line 233.
\uproot@=\count286
\leftroot@=\count287
LaTeX Info: Redefining \overline on input line 398.
LaTeX Info: Redefining \colon on input line 409.
\classnum@=\count288
\DOTSCASE@=\count289
LaTeX Info: Redefining \ldots on input line 495.
LaTeX Info: Redefining \dots on input line 498.
LaTeX Info: Redefining \cdots on input line 619.
\Mathstrutbox@=\box53
\strutbox@=\box54
LaTeX Info: Redefining \big on input line 721.
LaTeX Info: Redefining \Big on input line 722.
LaTeX Info: Redefining \bigg on input line 723.
LaTeX Info: Redefining \Bigg on input line 724.
\big@size=\dimen154
LaTeX Font Info:    Redeclaring font encoding OML on input line 742.
LaTeX Font Info:    Redeclaring font encoding OMS on input line 743.
\macc@depth=\count290
LaTeX Info: Redefining \bmod on input line 904.
LaTeX Info: Redefining \pmod on input line 909.
LaTeX Info: Redefining \smash on input line 939.
LaTeX Info: Redefining \relbar on input line 969.
LaTeX Info: Redefining \Relbar on input line 970.
\c@MaxMatrixCols=\count291
\dotsspace@=\muskip17
\c@parentequation=\count292
\dspbrk@lvl=\count293
\tag@help=\toks20
\row@=\count294
\column@=\count295
\maxfields@=\count296
\andhelp@=\toks21
\eqnshift@=\dimen155
\alignsep@=\dimen156
\tagshift@=\dimen157
\tagwidth@=\dimen158
\totwidth@=\dimen159
\lineht@=\dimen160
\@envbody=\toks22
\multlinegap=\skip52
\multlinetaggap=\skip53
\mathdisplay@stack=\toks23
LaTeX Info: Redefining \[ on input line 2950.
LaTeX Info: Redefining \] on input line 2951.
) (c:/texlive/2026/texmf-dist/tex/latex/amsfonts/amssymb.sty
Package: amssymb 2013/01/14 v3.01 AMS font symbols
 (c:/texlive/2026/texmf-dist/tex/latex/amsfonts/amsfonts.sty
Package: amsfonts 2013/01/14 v3.01 Basic AMSFonts support
\symAMSa=\mathgroup4
\symAMSb=\mathgroup5
LaTeX Font Info:    Redeclaring math symbol \hbar on input line 98.
LaTeX Font Info:    Overwriting math alphabet `\mathfrak' in version `bold'
(Font)                  U/euf/m/n --> U/euf/b/n on input line 106.
)) (c:/texlive/2026/texmf-dist/tex/latex/amscls/amsthm.sty
Package: amsthm 2020/05/29 v2.20.6
\thm@style=\toks24
\thm@bodyfont=\toks25
\thm@headfont=\toks26
\thm@notefont=\toks27
\thm@headpunct=\toks28
\thm@preskip=\skip54
\thm@postskip=\skip55
\thm@headsep=\skip56
\dth@everypar=\toks29
) (c:/texlive/2026/texmf-dist/tex/latex/mathtools/mathtools.sty
Package: mathtools 2024/10/04 v1.31 mathematical typesetting tools
 (c:/texlive/2026/texmf-dist/tex/latex/graphics/keyval.sty
Package: keyval 2022/05/29 v1.15 key=value parser (DPC)
\KV@toks@=\toks30
) (c:/texlive/2026/texmf-dist/tex/latex/tools/calc.sty
Package: calc 2025/03/01 v4.3b Infix arithmetic (KKT,FJ)
\calc@Acount=\count297
\calc@Bcount=\count298
\calc@Adimen=\dimen161
\calc@Bdimen=\dimen162
\calc@Askip=\skip57
\calc@Bskip=\skip58
LaTeX Info: Redefining \setlength on input line 86.
LaTeX Info: Redefining \addtolength on input line 87.
\calc@Ccount=\count299
\calc@Cskip=\skip59
) (c:/texlive/2026/texmf-dist/tex/latex/mathtools/mhsetup.sty
Package: mhsetup 2021/03/18 v1.4 programming setup (MH)
)
\g_MT_multlinerow_int=\count300
\l_MT_multwidth_dim=\dimen163
\origjot=\skip60
\l_MT_shortvdotswithinadjustabove_dim=\dimen164
\l_MT_shortvdotswithinadjustbelow_dim=\dimen165
\l_MT_above_intertext_sep=\dimen166
\l_MT_below_intertext_sep=\dimen167
\l_MT_above_shortintertext_sep=\dimen168
\l_MT_below_shortintertext_sep=\dimen169
\xmathstrut@box=\box55
\xmathstrut@dim=\dimen170
) (c:/texlive/2026/texmf-dist/tex/latex/tools/bm.sty
Package: bm 2025/10/21 v1.2g Bold Symbol Support (DPC/FMi)
\symboldoperators=\mathgroup6
\symboldletters=\mathgroup7
\symboldsymbols=\mathgroup8
Package bm Info: No bold for \OMX/cmex/m/n, using \pmb.
Package bm Info: No bold for \U/msa/m/n, using \pmb.
Package bm Info: No bold for \U/msb/m/n, using \pmb.
LaTeX Font Info:    Redeclaring math alphabet \mathbf on input line 149.
) (c:/texlive/2026/texmf-dist/tex/latex/graphics/graphicx.sty
Package: graphicx 2024/12/31 v1.2e Enhanced LaTeX Graphics (DPC,SPQR)
 (c:/texlive/2026/texmf-dist/tex/latex/graphics/graphics.sty
Package: graphics 2024/08/06 v1.4g Standard LaTeX Graphics (DPC,SPQR)
 (c:/texlive/2026/texmf-dist/tex/latex/graphics/trig.sty
Package: trig 2023/12/02 v1.11 sin cos tan (DPC)
) (c:/texlive/2026/texmf-dist/tex/latex/graphics-cfg/graphics.cfg
File: graphics.cfg 2016/06/04 v1.11 sample graphics configuration
)
Package graphics Info: Driver file: pdftex.def on input line 106.
 (c:/texlive/2026/texmf-dist/tex/latex/graphics-def/pdftex.def
File: pdftex.def 2025/09/29 v1.2d Graphics/color driver for pdftex
))
\Gin@req@height=\dimen171
\Gin@req@width=\dimen172
) (c:/texlive/2026/texmf-dist/tex/latex/float/float.sty
Package: float 2001/11/08 v1.3d Float enhancements (AL)
\c@float@type=\count301
\float@exts=\toks31
\float@box=\box56
\@float@everytoks=\toks32
\@floatcapt=\box57
) (c:/texlive/2026/texmf-dist/tex/latex/booktabs/booktabs.sty
Package: booktabs 2020/01/12 v1.61803398 Publication quality tables
\heavyrulewidth=\dimen173
\lightrulewidth=\dimen174
\cmidrulewidth=\dimen175
\belowrulesep=\dimen176
\belowbottomsep=\dimen177
\aboverulesep=\dimen178
\abovetopsep=\dimen179
\cmidrulesep=\dimen180
\cmidrulekern=\dimen181
\defaultaddspace=\dimen182
\@cmidla=\count302
\@cmidlb=\count303
\@aboverulesep=\dimen183
\@belowrulesep=\dimen184
\@thisruleclass=\count304
\@lastruleclass=\count305
\@thisrulewidth=\dimen185
) (c:/texlive/2026/texmf-dist/tex/latex/multirow/multirow.sty
Package: multirow 2024/11/12 v2.9 Span multiple rows of a table
\multirow@colwidth=\skip61
\multirow@cntb=\count306
\multirow@dima=\skip62
\bigstrutjot=\dimen186
) (c:/texlive/2026/texmf-dist/tex/latex/tools/array.sty
Package: array 2025/09/25 v2.6n Tabular extension package (FMi)
\col@sep=\dimen187
\ar@mcellbox=\box58
\extrarowheight=\dimen188
\NC@list=\toks33
\extratabsurround=\skip63
\backup@length=\skip64
\ar@cellbox=\box59
) (c:/texlive/2026/texmf-dist/tex/latex/geometry/geometry.sty
Package: geometry 2026/03/07 v6.0 Page Geometry
 (c:/texlive/2026/texmf-dist/tex/generic/iftex/ifvtex.sty
Package: ifvtex 2019/10/25 v1.7 ifvtex legacy package. Use iftex instead.
 (c:/texlive/2026/texmf-dist/tex/generic/iftex/iftex.sty
Package: iftex 2024/12/12 v1.0g TeX engine tests
))
\Gm@cnth=\count307
\Gm@cntv=\count308
\c@Gm@tempcnt=\count309
\Gm@bindingoffset=\dimen189
\Gm@wd@mp=\dimen190
\Gm@odd@mp=\dimen191
\Gm@even@mp=\dimen192
\Gm@layoutwidth=\dimen193
\Gm@layoutheight=\dimen194
\Gm@layouthoffset=\dimen195
\Gm@layoutvoffset=\dimen196
\Gm@dimlist=\toks34
) (c:/texlive/2026/texmf-dist/tex/latex/setspace/setspace.sty
Package: setspace 2022/12/04 v6.7b set line spacing
) (c:/texlive/2026/texmf-dist/tex/latex/enumitem/enumitem.sty
Package: enumitem 2025/02/06 v3.11 Customized lists
\labelindent=\skip65
\enit@outerparindent=\dimen197
\enit@toks=\toks35
\enit@inbox=\box60
\enit@count@id=\count310
\enitdp@description=\count311
) (c:/texlive/2026/texmf-dist/tex/latex/hyperref/hyperref.sty
Package: hyperref 2026-01-29 v7.01p Hypertext links for LaTeX
 (c:/texlive/2026/texmf-dist/tex/latex/kvsetkeys/kvsetkeys.sty
Package: kvsetkeys 2022-10-05 v1.19 Key value parser (HO)
) (c:/texlive/2026/texmf-dist/tex/generic/kvdefinekeys/kvdefinekeys.sty
Package: kvdefinekeys 2019-12-19 v1.6 Define keys (HO)
) (c:/texlive/2026/texmf-dist/tex/generic/pdfescape/pdfescape.sty
Package: pdfescape 2019/12/09 v1.15 Implements pdfTeX's escape features (HO)
 (c:/texlive/2026/texmf-dist/tex/generic/ltxcmds/ltxcmds.sty
Package: ltxcmds 2023-12-04 v1.26 LaTeX kernel commands for general use (HO)
) (c:/texlive/2026/texmf-dist/tex/generic/pdftexcmds/pdftexcmds.sty
Package: pdftexcmds 2020-06-27 v0.33 Utility functions of pdfTeX for LuaTeX (HO)
 (c:/texlive/2026/texmf-dist/tex/generic/infwarerr/infwarerr.sty
Package: infwarerr 2019/12/03 v1.5 Providing info/warning/error messages (HO)
)
Package pdftexcmds Info: \pdf@primitive is available.
Package pdftexcmds Info: \pdf@ifprimitive is available.
Package pdftexcmds Info: \pdfdraftmode found.
)) (c:/texlive/2026/texmf-dist/tex/latex/hycolor/hycolor.sty
Package: hycolor 2020-01-27 v1.10 Color options for hyperref/bookmark (HO)
) (c:/texlive/2026/texmf-dist/tex/latex/hyperref/nameref.sty
Package: nameref 2026-01-29 v2.58 Cross-referencing by name of section
 (c:/texlive/2026/texmf-dist/tex/latex/refcount/refcount.sty
Package: refcount 2019/12/15 v3.6 Data extraction from label references (HO)
) (c:/texlive/2026/texmf-dist/tex/generic/gettitlestring/gettitlestring.sty
Package: gettitlestring 2019/12/15 v1.6 Cleanup title references (HO)
 (c:/texlive/2026/texmf-dist/tex/latex/kvoptions/kvoptions.sty
Package: kvoptions 2022-06-15 v3.15 Key value format for package options (HO)
))
\c@section@level=\count312
) (c:/texlive/2026/texmf-dist/tex/latex/etoolbox/etoolbox.sty
Package: etoolbox 2025/10/02 v2.5m e-TeX tools for LaTeX (JAW)
\etb@tempcnta=\count313
) (c:/texlive/2026/texmf-dist/tex/generic/stringenc/stringenc.sty
Package: stringenc 2019/11/29 v1.12 Convert strings between diff. encodings (HO)
)
\@linkdim=\dimen198
\Hy@linkcounter=\count314
\Hy@pagecounter=\count315
 (c:/texlive/2026/texmf-dist/tex/latex/hyperref/pd1enc.def
File: pd1enc.def 2026-01-29 v7.01p Hyperref: PDFDocEncoding definition (HO)
Now handling font encoding PD1 ...
... no UTF-8 mapping file for font encoding PD1
) (c:/texlive/2026/texmf-dist/tex/generic/intcalc/intcalc.sty
Package: intcalc 2019/12/15 v1.3 Expandable calculations with integers (HO)
)
\Hy@SavedSpaceFactor=\count316
 (c:/texlive/2026/texmf-dist/tex/latex/hyperref/puenc.def
File: puenc.def 2026-01-29 v7.01p Hyperref: PDF Unicode definition (HO)
Now handling font encoding PU ...
... no UTF-8 mapping file for font encoding PU
)
Package hyperref Info: Option `unicode' set `true' on input line 3166.
Package hyperref Info: Hyper figures OFF on input line 4201.
Package hyperref Info: Link nesting OFF on input line 4206.
Package hyperref Info: Hyper index ON on input line 4209.
Package hyperref Info: Plain pages OFF on input line 4216.
Package hyperref Info: Backreferencing OFF on input line 4221.
Package hyperref Info: Implicit mode ON; LaTeX internals redefined.
Package hyperref Info: Bookmarks ON on input line 4468.
\c@Hy@tempcnt=\count317
 (c:/texlive/2026/texmf-dist/tex/latex/url/url.sty
\Urlmuskip=\muskip18
Package: url 2013/09/16  ver 3.4  Verb mode for urls, etc.
)
LaTeX Info: Redefining \url on input line 4807.
\XeTeXLinkMargin=\dimen199
 (c:/texlive/2026/texmf-dist/tex/generic/bitset/bitset.sty
Package: bitset 2019/12/09 v1.3 Handle bit-vector datatype (HO)
 (c:/texlive/2026/texmf-dist/tex/generic/bigintcalc/bigintcalc.sty
Package: bigintcalc 2019/12/15 v1.5 Expandable calculations on big integers (HO)
))
\Fld@menulength=\count318
\Field@Width=\dimen256
\Fld@charsize=\dimen257
Package hyperref Info: Hyper figures OFF on input line 6084.
Package hyperref Info: Link nesting OFF on input line 6089.
Package hyperref Info: Hyper index ON on input line 6092.
Package hyperref Info: backreferencing OFF on input line 6099.
Package hyperref Info: Link coloring OFF on input line 6104.
Package hyperref Info: Link coloring with OCG OFF on input line 6109.
Package hyperref Info: PDF/A mode OFF on input line 6114.
\Hy@abspage=\count319
\c@Item=\count320
\c@Hfootnote=\count321
)
Package hyperref Info: Driver (autodetected): hpdftex.
 (c:/texlive/2026/texmf-dist/tex/latex/hyperref/hpdftex.def
File: hpdftex.def 2026-01-29 v7.01p Hyperref driver for pdfTeX
\Fld@listcount=\count322
\c@bookmark@seq@number=\count323
 (c:/texlive/2026/texmf-dist/tex/latex/rerunfilecheck/rerunfilecheck.sty
Package: rerunfilecheck 2025-06-21 v1.11 Rerun checks for auxiliary files (HO)
 (c:/texlive/2026/texmf-dist/tex/generic/uniquecounter/uniquecounter.sty
Package: uniquecounter 2019/12/15 v1.4 Provide unlimited unique counter (HO)
)
Package uniquecounter Info: New unique counter `rerunfilecheck' on input line 284.
)
\Hy@SectionHShift=\skip66
) (c:/texlive/2026/texmf-dist/tex/latex/xcolor/xcolor.sty
Package: xcolor 2024/09/29 v3.02 LaTeX color extensions (UK)
 (c:/texlive/2026/texmf-dist/tex/latex/graphics-cfg/color.cfg
File: color.cfg 2016/01/02 v1.6 sample color configuration
)
Package xcolor Info: Driver file: pdftex.def on input line 274.
 (c:/texlive/2026/texmf-dist/tex/latex/graphics/mathcolor.ltx)
Package xcolor Info: Model `cmy' substituted by `cmy0' on input line 1349.
Package xcolor Info: Model `hsb' substituted by `rgb' on input line 1353.
Package xcolor Info: Model `RGB' extended on input line 1365.
Package xcolor Info: Model `HTML' substituted by `rgb' on input line 1367.
Package xcolor Info: Model `Hsb' substituted by `hsb' on input line 1368.
Package xcolor Info: Model `tHsb' substituted by `hsb' on input line 1369.
Package xcolor Info: Model `HSB' substituted by `hsb' on input line 1370.
Package xcolor Info: Model `Gray' substituted by `gray' on input line 1371.
Package xcolor Info: Model `wave' substituted by `hsb' on input line 1372.
)
Package hyperref Info: Option `colorlinks' set `true' on input line 49.
 (c:/texlive/2026/texmf-dist/tex/latex/l3backend/l3backend-pdftex.def
File: l3backend-pdftex.def 2026-02-18 L3 backend support: PDF output (pdfTeX)
\l__color_backend_stack_int=\count324
) (./NLP&RL.aux)
\openout1 = `NLP&RL.aux'.

LaTeX Font Info:    Checking defaults for OML/cmm/m/it on input line 61.
LaTeX Font Info:    ... okay on input line 61.
LaTeX Font Info:    Checking defaults for OMS/cmsy/m/n on input line 61.
LaTeX Font Info:    ... okay on input line 61.
LaTeX Font Info:    Checking defaults for OT1/cmr/m/n on input line 61.
LaTeX Font Info:    ... okay on input line 61.
LaTeX Font Info:    Checking defaults for T1/cmr/m/n on input line 61.
LaTeX Font Info:    ... okay on input line 61.
LaTeX Font Info:    Checking defaults for TS1/cmr/m/n on input line 61.
LaTeX Font Info:    ... okay on input line 61.
LaTeX Font Info:    Checking defaults for OMX/cmex/m/n on input line 61.
LaTeX Font Info:    ... okay on input line 61.
LaTeX Font Info:    Checking defaults for U/cmr/m/n on input line 61.
LaTeX Font Info:    ... okay on input line 61.
LaTeX Font Info:    Checking defaults for T2A/cmr/m/n on input line 61.
LaTeX Font Info:    ... okay on input line 61.
LaTeX Font Info:    Checking defaults for PD1/pdf/m/n on input line 61.
LaTeX Font Info:    ... okay on input line 61.
LaTeX Font Info:    Checking defaults for PU/pdf/m/n on input line 61.
LaTeX Font Info:    ... okay on input line 61.
LaTeX Info: Redefining \th on input line 61.
 (c:/texlive/2026/texmf-dist/tex/context/base/mkii/supp-pdf.mkii
[Loading MPS to PDF converter (version 2006.09.02).]
\scratchcounter=\count325
\scratchdimen=\dimen258
\scratchbox=\box61
\nofMPsegments=\count326
\nofMParguments=\count327
\everyMPshowfont=\toks36
\MPscratchCnt=\count328
\MPscratchDim=\dimen259
\MPnumerator=\count329
\makeMPintoPDFobject=\count330
\everyMPtoPDFconversion=\toks37
) (c:/texlive/2026/texmf-dist/tex/latex/epstopdf-pkg/epstopdf-base.sty
Package: epstopdf-base 2020-01-24 v2.11 Base part for package epstopdf
Package epstopdf-base Info: Redefining graphics rule for `.eps' on input line 485.
 (c:/texlive/2026/texmf-dist/tex/latex/latexconfig/epstopdf-sys.cfg
File: epstopdf-sys.cfg 2010/07/13 v1.3 Configuration of (r)epstopdf for TeX Live
))
*geometry* driver: auto-detecting
*geometry* detected driver: pdftex
*geometry* verbose mode - [ preamble ] result:
* driver: pdftex
* paper: a4paper
* layout: <same size as paper>
* layoutoffset:(h,v)=(0.0pt,0.0pt)
* modes: 
* h-part:(L,W,R)=(71.13188pt, 455.24411pt, 71.13188pt)
* v-part:(T,H,B)=(71.13188pt, 702.78308pt, 71.13188pt)
* \paperwidth=597.50787pt
* \paperheight=845.04684pt
* \textwidth=455.24411pt
* \textheight=702.78308pt
* \oddsidemargin=-1.1381pt
* \evensidemargin=-1.1381pt
* \topmargin=-38.1381pt
* \headheight=12.0pt
* \headsep=25.0pt
* \topskip=12.0pt
* \footskip=30.0pt
* \marginparwidth=35.0pt
* \marginparsep=10.0pt
* \columnsep=10.0pt
* \skip\footins=10.8pt plus 4.0pt minus 2.0pt
* \hoffset=0.0pt
* \voffset=0.0pt
* \mag=1000
* \@twocolumnfalse
* \@twosidefalse
* \@mparswitchfalse
* \@reversemarginfalse
* (1in=72.27pt=25.4mm, 1cm=28.453pt)

Package hyperref Info: Link coloring ON on input line 61.
(./NLP&RL.out) (./NLP&RL.out)
\@outlinefile=\write3
\openout3 = `NLP&RL.out'.

 [1

{c:/texlive/2026/texmf-var/fonts/map/pdftex/updmap/pdftex.map}{c:/texlive/2026/texmf-dist/fonts/enc/dvips/cm-super/cm-super-t2a.enc}] (./NLP&RL.toc
LaTeX Font Info:    Trying to load font information for U+msa on input line 3.
 (c:/texlive/2026/texmf-dist/tex/latex/amsfonts/umsa.fd
File: umsa.fd 2013/01/14 v3.01 AMS symbols A
)
LaTeX Font Info:    Trying to load font information for U+msb on input line 3.
 (c:/texlive/2026/texmf-dist/tex/latex/amsfonts/umsb.fd
File: umsb.fd 2013/01/14 v3.01 AMS symbols B
)
pdfTeX warning (ext4): destination with the same identifier (name{page.1}) has been already used, duplicate ignored
<to be read again> 
                   \relax 
l.40 ...РѕСЂРµРЅРёРµ Word2Vec}{34}{subsection.2.2}
                                                  % [1] [2] [3] [4] [5] [6] [7] [8] [9] [10])
\tf@toc=\write4
\openout4 = `NLP&RL.toc'.

 [11]
Overfull \hbox (45.36423pt too wide) in paragraph at lines 120--121
[]\T2A/cmr/bx/n/12 Sentiment anal-y-sis \T2A/cmr/m/n/12 --- определение тональности текста: положительная, отрицательная
 []


Overfull \hbox (103.81947pt too wide) detected at line 137
[] [][]\OMS/cmsy/m/n/12 ! [] [][]! [] [][]! []\OML/cmm/m/it/12 :
 []


Overfull \hbox (38.23329pt too wide) in paragraph at lines 139--140
[]\T2A/cmr/m/n/12 Иными словами, исходный текст сначала переводится в вектор признаков фиксированной
 []

[12{c:/texlive/2026/texmf-dist/fonts/enc/dvips/cm-super/cm-super-ts1.enc}]
Overfull \hbox (11.42903pt too wide) in paragraph at lines 196--197
[]\T2A/cmr/m/n/12 В этом случае одному тексту может соответствовать сразу несколько меток. Пример
 []

[13] [14] [15]
Overfull \hbox (11.86826pt too wide) in paragraph at lines 345--346
[]\T2A/cmr/m/n/12 В отличие от stem-ming, lemma-ti-za-tion обычно использует словари и грамматическую
 []


Overfull \hbox (9.89017pt too wide) in paragraph at lines 355--356
[]\T2A/cmr/bx/n/12 WordNet \T2A/cmr/m/n/12 --- лексическая база данных, в которой слова организованы по смысловым
 []

LaTeX Font Info:    Trying to load font information for T2A+cmtt on input line 373.
(c:/texlive/2026/texmf-dist/tex/latex/cyrillic/t2acmtt.fd
File: t2acmtt.fd 2001/08/11 v1.0a Computer Modern Cyrillic font definitions
) [16] [17]
Overfull \hbox (8.6546pt too wide) in paragraph at lines 469--470
[]\T2A/cmr/m/n/12 Но не все биграммы одинаково полезны. Некоторые несут смысловую информацию: 
 []

[18]
Overfull \hbox (0.7904pt too wide) in paragraph at lines 535--536
[]\T2A/cmr/bx/n/12 Pointwise Mu-tual In-for-ma-tion, PMI \T2A/cmr/m/n/12 измеряет, насколько совместное появление
 []


Overfull \hbox (37.41188pt too wide) in paragraph at lines 555--556
[]\T2A/cmr/m/n/12 если $\OML/cmm/m/it/12 PMI\OT1/cmr/m/n/12 (\OML/cmm/m/it/12 u; v\OT1/cmr/m/n/12 ) = 0$\T2A/cmr/m/n/12 , совместная встречаемость примерно соответствует независимости; 
 []

[19] [20] [21] [22]
Overfull \hbox (4.06654pt too wide) in paragraph at lines 763--764
[]\T2A/cmr/m/n/12 Пусть построена матрица $\OML/cmm/m/it/12 X$\T2A/cmr/m/n/12 , где элемент $\OML/cmm/m/it/12 X[]$ \T2A/cmr/m/n/12 отражает связь слова $\OML/cmm/m/it/12 i$ \T2A/cmr/m/n/12 и контекстного
 []


Overfull \hbox (1.91508pt too wide) in paragraph at lines 777--778
[]\T2A/cmr/m/n/12 После этого строки одной из полученных матриц можно использовать как плотные
 []

[23]
Overfull \hbox (10.01178pt too wide) in paragraph at lines 838--839
[]\T2A/cmr/m/n/12 может кодировать переход от мужского человека к мужскому монарху, а добавление 
 []

[24]
Overfull \hbox (8.29141pt too wide) in paragraph at lines 875--876
\T2A/cmr/bx/n/12 Word2Vec \T2A/cmr/m/n/12 --- семейство моделей для обучения word em-bed-dings, предложенное Mikolov
 []


Overfull \hbox (14.30861pt too wide) in paragraph at lines 877--878
[]\T2A/cmr/m/n/12 Главная идея Word2Vec: обучать векторы слов через задачу предсказания контекста. 
 []

[25] [26] [27]
Overfull \hbox (35.32162pt too wide) in paragraph at lines 1086--1087
[]\T2A/cmr/m/n/12 для настоящей пары слов $\OT1/cmr/m/n/12 (\OML/cmm/m/it/12 w[]; w[]\OT1/cmr/m/n/12 )$ \T2A/cmr/m/n/12 модель должна предсказать, что это положительный
 []


Overfull \hbox (66.13965pt too wide) in paragraph at lines 1087--1088
[]\T2A/cmr/m/n/12 дополнительно выбираются несколько случайных слов, которые считаются отрицательными
 []

[28]
Underfull \hbox (badness 2662) in paragraph at lines 1161--1162
[]|\T2A/cmr/m/n/12 Предсказывает слова контекста по
 []


Underfull \hbox (badness 3758) in paragraph at lines 1178--1178
[]|\T2A/cmr/m/n/12 Контекст агрегируется как bag-of-
 []


Underfull \hbox (badness 10000) in paragraph at lines 1179--1180
[]|\T2A/cmr/m/n/12 Каждое контекстное слово
 []

<lecture01_cbow_vs_skipgram.png, id=2116, 502.87875pt x 615.0478pt>
File: lecture01_cbow_vs_skipgram.png Graphic file (type png)
<use lecture01_cbow_vs_skipgram.png>
Package pdftex.def Info: lecture01_cbow_vs_skipgram.png  used on input line 1191.
(pdftex.def)             Requested size: 409.71692pt x 501.10469pt.
[29]
Overfull \hbox (20.19524pt too wide) in paragraph at lines 1206--1207
[]\T2A/cmr/m/n/12 count-based методами, которые используют статистику совместных встречаемостей; 
 []

[30 <./lecture01_cbow_vs_skipgram.png>]
Overfull \hbox (3.77927pt too wide) in paragraph at lines 1266--1267
[]\T2A/cmr/m/n/12 То есть скалярное произведение em-bed-dings должно кодировать логарифм частоты
 []


Underfull \hbox (badness 10000) in paragraph at lines 1282--1283
[]|\T2A/cmr/bx/n/12 Проблемы /
 []


Underfull \hbox (badness 10000) in paragraph at lines 1287--1288
[]|\T2A/cmr/m/n/12 Нет семантической
 []


Underfull \hbox (badness 10000) in paragraph at lines 1287--1288
\T2A/cmr/m/n/12 близости, огромная
 []


Underfull \hbox (badness 1297) in paragraph at lines 1290--1290
[]|\T2A/cmr/m/n/12 Документ --- вектор частот
 []


Underfull \hbox (badness 1902) in paragraph at lines 1291--1292
[]|\T2A/cmr/m/n/12 Теряется порядок слов,
 []


Underfull \hbox (badness 10000) in paragraph at lines 1294--1294
[]|\T2A/cmr/m/n/12 Используются
 []


Underfull \hbox (badness 10000) in paragraph at lines 1294--1294
\T2A/cmr/m/n/12 последовательности из $\OML/cmm/m/it/12 n$
 []


Underfull \hbox (badness 10000) in paragraph at lines 1295--1296
[]|\T2A/cmr/m/n/12 Размерность быстро
 []


Underfull \hbox (badness 10000) in paragraph at lines 1298--1298
[]|\T2A/cmr/m/n/12 Слова взвешиваются по
 []


Underfull \hbox (badness 1342) in paragraph at lines 1298--1298
\T2A/cmr/m/n/12 важности для документа и
 []


Underfull \hbox (badness 10000) in paragraph at lines 1299--1300
[]|\T2A/cmr/m/n/12 Хорошо для
 []


Underfull \hbox (badness 10000) in paragraph at lines 1299--1300
\T2A/cmr/m/n/12 классических моделей,
 []


Underfull \hbox (badness 10000) in paragraph at lines 1299--1300
\T2A/cmr/m/n/12 но не дајт плотной
 []


Underfull \hbox (badness 10000) in paragraph at lines 1302--1302
[]|\T2A/cmr/m/n/12 Используются статистики
 []


Underfull \hbox (badness 10000) in paragraph at lines 1302--1302
\T2A/cmr/m/n/12 совместной встречаемости
 []


Underfull \hbox (badness 10000) in paragraph at lines 1303--1304
[]|\T2A/cmr/m/n/12 Можно получать
 []


Underfull \hbox (badness 10000) in paragraph at lines 1306--1306
[]|\T2A/cmr/m/n/12 Векторы обучаются через
 []


Underfull \hbox (badness 10000) in paragraph at lines 1307--1308
[]|\T2A/cmr/m/n/12 Эффективные dense
 []


Underfull \hbox (badness 10000) in paragraph at lines 1307--1308
\T2A/cmr/m/n/12 em-bed-dings, нужны
 []


Underfull \hbox (badness 10000) in paragraph at lines 1310--1310
[]|\T2A/cmr/m/n/12 Векторы обучаются
 []


Underfull \hbox (badness 3872) in paragraph at lines 1310--1310
\T2A/cmr/m/n/12 предсказывать co-occurrence
 []

[31]
Overfull \hbox (27.20473pt too wide) in paragraph at lines 1321--1322
[]\T2A/cmr/m/n/12 Текст нельзя напрямую подать в классическую ML-модель: его нужно преобразовать
 []


Overfull \hbox (1.90402pt too wide) in paragraph at lines 1323--1324
[]\T2A/cmr/m/n/12 TF-IDF улучшает BoW, понижая вес слишком общих слов и повышая вес редких
 []

[32]
Overfull \hbox (2.27664pt too wide) in paragraph at lines 1365--1367
[]\T2A/cmr/m/n/12 Уметь объяснить dis-tri-bu-tional hy-poth-e-sis: слова с похожими контекстами имеют
 []

[33]
Overfull \hbox (15.0654pt too wide) in paragraph at lines 1432--1433
[]\T2A/cmr/m/n/12 Идея состоит в том, что слова с похожими контекстами получают похожие векторные
 []

<lecture02_word2vec_training_samples.png, id=2152, 442.65375pt x 254.45062pt>
File: lecture02_word2vec_training_samples.png Graphic file (type png)
<use lecture02_word2vec_training_samples.png>
Package pdftex.def Info: lecture02_word2vec_training_samples.png  used on input line 1436.
(pdftex.def)             Requested size: 409.71692pt x 235.53009pt.
[34]
<lecture02_word2vec_network.png, id=2160, 586.44093pt x 355.3275pt>
File: lecture02_word2vec_network.png Graphic file (type png)
<use lecture02_word2vec_network.png>
Package pdftex.def Info: lecture02_word2vec_network.png  used on input line 1458.
(pdftex.def)             Requested size: 386.96027pt x 234.45721pt.
 [35 <./lecture02_word2vec_training_samples.png>]
Overfull \hbox (12.84857pt too wide) in paragraph at lines 1486--1487
[]\T2A/cmr/m/n/12 Если обучить em-bed-dings отдельно для каждого языка, относительное расположение
 []

<lecture02_crosslingual_embeddings_similarity.png, id=2167, 496.10344pt x 307.90031pt>
File: lecture02_crosslingual_embeddings_similarity.png Graphic file (type png)
<use lecture02_crosslingual_embeddings_similarity.png>
Package pdftex.def Info: lecture02_crosslingual_embeddings_similarity.png  used on input line 1496.
(pdftex.def)             Requested size: 386.96027pt x 240.16597pt.
[36 <./lecture02_word2vec_network.png>] [37 <./lecture02_crosslingual_embeddings_similarity.png>]
Overfull \hbox (8.21582pt too wide) in paragraph at lines 1559--1560
[]\T2A/cmr/m/n/12 то можно искать матрицу $\OML/cmm/m/it/12 W$\T2A/cmr/m/n/12 , минимизирующую расстояние между отображјнными
 []


Overfull \hbox (12.53745pt too wide) in paragraph at lines 1585--1586
[]\T2A/cmr/m/n/12 То есть em-bed-ding исходного слова $\OML/cmm/m/it/12 x[]$ \T2A/cmr/m/n/12 сначала отображается в пространство целевого
 []


Overfull \hbox (34.31775pt too wide) in paragraph at lines 1601--1602
\T2A/cmr/m/n/12 полезно, потому что при переводе между языками мы хотим не произвольно деформировать
 []

[38]
<lecture02_unsupervised_mapping_gan.png, id=2185, 560.8453pt x 124.96687pt>
File: lecture02_unsupervised_mapping_gan.png Graphic file (type png)
<use lecture02_unsupervised_mapping_gan.png>
Package pdftex.def Info: lecture02_unsupervised_mapping_gan.png  used on input line 1649.
(pdftex.def)             Requested size: 409.71692pt x 91.2918pt.
 [39 <./lecture02_unsupervised_mapping_gan.png>]
Overfull \hbox (4.85199pt too wide) in paragraph at lines 1699--1700
[]\T2A/cmr/m/n/12 Нормировка убирает влияние длины векторов и оставляет в основном направление. 
 []

[40]
Overfull \hbox (6.07515pt too wide) in paragraph at lines 1723--1724
[]\T2A/cmr/m/n/12 Другой способ --- использовать модели последовательностей, например RNN, LSTM
 []


Overfull \hbox (3.58826pt too wide) in paragraph at lines 1727--1728
\T2A/cmr/bx/n/12 Recurrent Neu-ral Net-work, RNN \T2A/cmr/m/n/12 обрабатывает последовательность слева направо.
 []


Overfull \hbox (58.58434pt too wide) in paragraph at lines 1739--1740
[]\T2A/cmr/m/n/12 Идея: скрытое состояние $\OML/cmm/m/it/12 h[]$ \T2A/cmr/m/n/12 должно содержать информацию о префиксе последовательности: 
 []


Overfull \hbox (53.33452pt too wide) in paragraph at lines 1745--1746
[]\T2A/cmr/m/n/12 Тогда финальное состояние $\OML/cmm/m/it/12 h[]$ \T2A/cmr/m/n/12 можно использовать как em-bed-ding всей последовательности. 
 []


Overfull \hbox (14.35345pt too wide) in paragraph at lines 1762--1763
\T2A/cmr/m/n/12 RNN естественно обрабатывает текст как последовательность. Но у неј есть недостаток:
 []

[41]
Overfull \hbox (31.54404pt too wide) in paragraph at lines 1833--1834
\T2A/cmr/m/n/12 а обучает фильтры, которые могут находить полезные паттерны в embedding-пространстве. 
 []

[42]
<lecture02_bigram_convolution.png, id=2205, 325.96782pt x 149.05687pt>
File: lecture02_bigram_convolution.png Graphic file (type png)
<use lecture02_bigram_convolution.png>
Package pdftex.def Info: lecture02_bigram_convolution.png  used on input line 1886.
(pdftex.def)             Requested size: 386.96027pt x 176.96138pt.
 [43 <./lecture02_bigram_convolution.png>]
Overfull \hbox (6.5419pt too wide) in paragraph at lines 1910--1911
[]\T2A/cmr/m/n/12 Затем применяется pool-ing. Самый распространјнный вариант для классификации
 []

[44]
<lecture02_kim2014_cnn.png, id=2221, 555.57562pt x 250.68657pt>
File: lecture02_kim2014_cnn.png Graphic file (type png)
<use lecture02_kim2014_cnn.png>
Package pdftex.def Info: lecture02_kim2014_cnn.png  used on input line 1977.
(pdftex.def)             Requested size: 409.71692pt x 184.874pt.
 [45 <./lecture02_kim2014_cnn.png>]
Overfull \hbox (5.23267pt too wide) in paragraph at lines 2019--2020
\T2A/cmr/m/n/12 по краям последовательности. Это позволяет фильтру применяться также к позициям
 []

[46]
Overfull \hbox (23.20607pt too wide) in paragraph at lines 2051--2052
[]\T2A/cmr/m/n/12 То есть CNN сжимает исходное предложение в представление, а RNN затем генерирует
 []


Overfull \hbox (18.28748pt too wide) in paragraph at lines 2056--2057
\T2A/cmr/m/n/12 Основная идея таблицы: CNN-based модели оказались конкурентоспособными с другими
 []


Overfull \hbox (21.55893pt too wide) in paragraph at lines 2073--2074
\T2A/cmr/m/n/12 предобученными em-bed-dings может давать сильные результаты в задачах классификации
 []

[47]
Overfull \hbox (13.01047pt too wide) in paragraph at lines 2094--2095
[]\T2A/cmr/m/n/12 В машинном переводе at-ten-tion позволяет модели явно сопоставлять слова исходного
 []

<lecture02_attention_alignment.png, id=2237, 554.82281pt x 263.48438pt>
File: lecture02_attention_alignment.png Graphic file (type png)
<use lecture02_attention_alignment.png>
Package pdftex.def Info: lecture02_attention_alignment.png  used on input line 2108.
(pdftex.def)             Requested size: 386.96027pt x 183.76637pt.
[48]
Overfull \hbox (12.19809pt too wide) in paragraph at lines 2131--2132
[]\T2A/cmr/m/n/12 Это мотивирует переход к более сложным моделям контекстуальных представлений:
 []

[49 <./lecture02_attention_alignment.png>]
Overfull \hbox (0.71463pt too wide) in paragraph at lines 2140--2141
[]\T2A/cmr/m/n/12 Ортогональное отображение сохраняет углы и длины, поэтому хорошо подходит
 []


Overfull \hbox (1.91783pt too wide) in paragraph at lines 2145--2146
[]\T2A/cmr/m/n/12 Max-over-time pool-ing делает длину текста несущественной и фиксирует наличие
 []


Overfull \hbox (14.44266pt too wide) in paragraph at lines 2146--2147
[]\T2A/cmr/m/n/12 CNN с предобученными em-bed-dings является сильным base-line для классификации
 []


Overfull \hbox (79.90576pt too wide) in paragraph at lines 2147--2148
[]\T2A/cmr/m/n/12 Attention решает задачу явного сопоставления частей входной и выходной последовательности. 
 []


Overfull \hbox (40.52014pt too wide) in paragraph at lines 2153--2154
[]\T2A/cmr/m/n/12 Уметь объяснить, почему embedding-пространства разных языков можно сопоставлять. 
 []

[50]
Overfull \hbox (0.14252pt too wide) in paragraph at lines 2217--2217
[]\T2A/cmr/bx/n/17.28 Лекция 3. Ma-chine Trans-la-tion and At-ten-tion Mech-
 []

[51]
Overfull \hbox (19.26054pt too wide) in paragraph at lines 2241--2242
\T2A/cmr/m/n/12 7 января 1954 года. В нјм выполнялся автоматический перевод с русского на английский: 
 []


Overfull \hbox (6.15715pt too wide) in paragraph at lines 2252--2253
[]\T2A/cmr/m/n/12 Дальше развитие машинного перевода можно грубо разделить на несколько этапов: 
 []

[52]
Overfull \hbox (32.91455pt too wide) in paragraph at lines 2284--2285
[]\T2A/cmr/m/n/12 Иногда параллельные данные могут быть выровнены на уровне абзацев или документов,
 []


Overfull \hbox (36.40811pt too wide) in paragraph at lines 2296--2297
\T2A/cmr/bx/n/12 Statistical Ma-chine Trans-la-tion, SMT \T2A/cmr/m/n/12 --- подход к машинному переводу, доминировавший
 []


Overfull \hbox (26.06717pt too wide) in paragraph at lines 2326--2327
[]\T2A/cmr/bx/n/12 language model $\OML/cmm/m/it/12 P\OT1/cmr/m/n/12 (\OML/cmm/m/it/12 y\OT1/cmr/m/n/12 )$ \T2A/cmr/m/n/12 --- оценивает, насколько предложение $\OML/cmm/m/it/12 y$ \T2A/cmr/m/n/12 является естественным
 []

[53]
<lecture03_smt_bayes.png, id=2276, 536.0025pt x 217.5628pt>
File: lecture03_smt_bayes.png Graphic file (type png)
<use lecture03_smt_bayes.png>
Package pdftex.def Info: lecture03_smt_bayes.png  used on input line 2345.
(pdftex.def)             Requested size: 409.71692pt x 166.3022pt.
 [54 <./lecture03_smt_bayes.png>]
Overfull \hbox (40.19116pt too wide) in paragraph at lines 2383--2384
[]\T2A/cmr/m/n/12 Например, английское словосочетание может переводиться одним словом во французском
 []

<lecture03_word_alignment_many_to_many.png, id=2284, 427.5975pt x 252.945pt>
File: lecture03_word_alignment_many_to_many.png Graphic file (type png)
<use lecture03_word_alignment_many_to_many.png>
Package pdftex.def Info: lecture03_word_alignment_many_to_many.png  used on input line 2422.
(pdftex.def)             Requested size: 386.96027pt x 228.90663pt.
[55]
Overfull \hbox (23.72783pt too wide) in paragraph at lines 2450--2451
\T2A/cmr/bx/n/12 Phrase-Based Ma-chine Trans-la-tion, PBMT \T2A/cmr/m/n/12 --- развитие SMT, где перевод выполняется
 []

[56 <./lecture03_word_alignment_many_to_many.png>]
Overfull \hbox (1.26048pt too wide) in paragraph at lines 2495--2496
\T2A/cmr/m/n/12 Language model оценивает вероятность следующего слова по предыдущему контексту: 
 []

[57]
<lecture03_pbmt_search.png, id=2299, 495.35063pt x 347.79938pt>
File: lecture03_pbmt_search.png Graphic file (type png)
<use lecture03_pbmt_search.png>
Package pdftex.def Info: lecture03_pbmt_search.png  used on input line 2541.
(pdftex.def)             Requested size: 386.96027pt x 271.69637pt.

Underfull \hbox (badness 1253) in paragraph at lines 2542--2542
[]\T2A/cmr/m/n/12 Figure 11: []Phrase-Based Ma-chine Trans-la-tion: перевод строится из фразовых
 []


Overfull \hbox (32.63264pt too wide) in paragraph at lines 2547--2548
\T2A/cmr/bx/n/12 Neural Ma-chine Trans-la-tion, NMT \T2A/cmr/m/n/12 --- подход, в котором машинный перевод выполняется
 []

[58 <./lecture03_pbmt_search.png>] [59]
<lecture03_seq2seq_decoding.png, id=2310, 704.6325pt x 391.4625pt>
File: lecture03_seq2seq_decoding.png Graphic file (type png)
<use lecture03_seq2seq_decoding.png>
Package pdftex.def Info: lecture03_seq2seq_decoding.png  used on input line 2656.
(pdftex.def)             Requested size: 409.71692pt x 227.62183pt.
 [60]
Overfull \hbox (21.49576pt too wide) in paragraph at lines 2696--2697
[]\T2A/cmr/m/n/12 Во время обучения часто используется teacher forc-ing: на вход decoder-а на следующем
 []


Overfull \hbox (4.7215pt too wide) in paragraph at lines 2696--2697
\T2A/cmr/m/n/12 шаге подајтся правильный предыдущий токен, а не обязательно токен, предсказанный
 []

[61 <./lecture03_seq2seq_decoding.png>]
Overfull \hbox (8.61147pt too wide) in paragraph at lines 2718--2719
[]\T2A/cmr/m/n/12 локально лучший токен не обязательно ведјт к глобально лучшему предложению; 
 []

[62]
Overfull \hbox (2.60242pt too wide) in paragraph at lines 2790--2791
[]\T2A/cmr/m/n/12 Beam search ищет high-scoring hy-pothe-ses, но не гарантирует нахождение глобально
 []

<lecture03_beam_search_example.png, id=2326, 609.02531pt x 344.03531pt>
File: lecture03_beam_search_example.png Graphic file (type png)
<use lecture03_beam_search_example.png>
Package pdftex.def Info: lecture03_beam_search_example.png  used on input line 2795.
(pdftex.def)             Requested size: 409.71692pt x 231.45262pt.
[63 <./lecture03_beam_search_example.png>]
Overfull \hbox (2.66986pt too wide) in paragraph at lines 2838--2839
[]\T2A/cmr/m/n/12 Так как вероятности меньше или равны 1, их логарифмы обычно неположительны: 
 []


Overfull \hbox (13.98451pt too wide) in paragraph at lines 2860--2861
\T2A/cmr/m/n/12 Для оценки качества машинного перевода используются автоматические и человеческие
 []

[64] [65]
Overfull \hbox (4.52783pt too wide) in paragraph at lines 2962--2963
[]\T2A/cmr/m/n/12 Главная проблема: одно и то же предложение можно корректно перевести разными
 []

[66]
Overfull \hbox (4.78673pt too wide) in paragraph at lines 3006--3007
[]\T2A/cmr/m/n/12 Человеческая оценка обычно качественнее автоматических метрик, но она дорогая. 
 []


Overfull \hbox (40.28915pt too wide) in paragraph at lines 3010--3011
\T2A/cmr/m/n/12 Так как hu-man eval-u-a-tion дорогая, появляются модели, обученные приближать человеческую
 []


Overfull \hbox (9.25632pt too wide) in paragraph at lines 3017--3018
[]\T2A/cmr/bx/n/12 LLM-based es-ti-ma-tors \T2A/cmr/m/n/12 --- использование больших языковых моделей для оценки
 []


Overfull \hbox (5.5114pt too wide) in paragraph at lines 3030--3031
[]\T2A/cmr/m/n/12 нет необходимости вручную оптимизировать множество отдельных компонентов; 
 []

[67]
Overfull \hbox (20.1232pt too wide) in paragraph at lines 3047--3048
[]\T2A/cmr/m/n/12 Нейронные модели могут давать странные переводы на необычных входах, опечатках,
 []

[68]
Overfull \hbox (11.85258pt too wide) in paragraph at lines 3083--3084
\T2A/cmr/m/n/12 представление исходного предложения. Поэтому модель может терять детали, особенно
 []

<lecture03_seq2seq_bottleneck.png, id=2355, 707.64375pt x 394.47375pt>
File: lecture03_seq2seq_bottleneck.png Graphic file (type png)
<use lecture03_seq2seq_bottleneck.png>
Package pdftex.def Info: lecture03_seq2seq_bottleneck.png  used on input line 3088.
(pdftex.def)             Requested size: 409.71692pt x 228.39766pt.

Overfull \hbox (0.78673pt too wide) in paragraph at lines 3099--3100
\T2A/cmr/m/n/12 чтобы фокусироваться на конкретной части исходной последовательности. 
 []


Overfull \hbox (2.24567pt too wide) in paragraph at lines 3102--3103
[]\T2A/cmr/m/n/12 То есть de-coder больше не обязан пользоваться только одним финальным вектором
 []

[69 <./lecture03_seq2seq_bottleneck.png>] [70]
<lecture03_attention_weighted_sum.png, id=2366, 429.85594pt x 310.15875pt>
File: lecture03_attention_weighted_sum.png Graphic file (type png)
<use lecture03_attention_weighted_sum.png>
Package pdftex.def Info: lecture03_attention_weighted_sum.png  used on input line 3186.
(pdftex.def)             Requested size: 386.96027pt x 279.21127pt.
 [71 <./lecture03_attention_weighted_sum.png>] [72]
Overfull \hbox (23.94106pt too wide) in paragraph at lines 3317--3318
[]\T2A/cmr/m/n/12 Позже идея at-ten-tion приведјт к Trans-former, где at-ten-tion станет главным механизмом
 []


Underfull \hbox (badness 10000) in paragraph at lines 3329--3329
[]|\T2A/cmr/m/n/12 Использует вероятностную
 []


Underfull \hbox (badness 10000) in paragraph at lines 3330--3331
[]|\T2A/cmr/m/n/12 Много независимых
 []


Underfull \hbox (badness 10000) in paragraph at lines 3330--3331
\T2A/cmr/m/n/12 компонентов, сложный
 []


Underfull \hbox (badness 10000) in paragraph at lines 3333--3333
[]|\T2A/cmr/m/n/12 Переводит фразами,
 []


Underfull \hbox (badness 6412) in paragraph at lines 3333--3333
\T2A/cmr/m/n/12 использует phrase ta-ble и
 []


Underfull \hbox (badness 10000) in paragraph at lines 3334--3335
[]|\T2A/cmr/m/n/12 Нужно хранить
 []


Underfull \hbox (badness 10000) in paragraph at lines 3334--3335
\T2A/cmr/m/n/12 и поддерживать
 []


Underfull \hbox (badness 10000) in paragraph at lines 3334--3335
\T2A/cmr/m/n/12 phrase ta-bles, плохо
 []


Underfull \hbox (badness 10000) in paragraph at lines 3334--3335
\T2A/cmr/m/n/12 масштабируется на
 []


Underfull \hbox (badness 10000) in paragraph at lines 3337--3337
[]|\T2A/cmr/m/n/12 Одна нейронная сеть
 []


Underfull \hbox (badness 10000) in paragraph at lines 3337--3337
\T2A/cmr/m/n/12 напрямую моделирует
 []


Underfull \hbox (badness 2828) in paragraph at lines 3340--3340
[]|\T2A/cmr/m/n/12 Seq2seq with-out at-
 []


Underfull \hbox (badness 10000) in paragraph at lines 3341--3341
[]|\T2A/cmr/m/n/12 Encoder сжимает всј
 []


Underfull \hbox (badness 3312) in paragraph at lines 3344--3344
[]|\T2A/cmr/m/n/12 Seq2seq with at-ten-
 []


Underfull \hbox (badness 8056) in paragraph at lines 3345--3345
[]|\T2A/cmr/m/n/12 Decoder на каждом шаге
 []


Underfull \hbox (badness 1389) in paragraph at lines 3345--3345
\T2A/cmr/m/n/12 смотрит на разные en-coder
 []


Underfull \hbox (badness 10000) in paragraph at lines 3346--3347
[]|\T2A/cmr/m/n/12 Лучше работает с
 []


Underfull \hbox (badness 10000) in paragraph at lines 3346--3347
\T2A/cmr/m/n/12 длинным контекстом,
 []


Underfull \hbox (badness 10000) in paragraph at lines 3346--3347
\T2A/cmr/m/n/12 но всј ещј требует
 []

[73] [74] [75] [76]
Overfull \hbox (2.63515pt too wide) in paragraph at lines 3546--3547
[]\T2A/cmr/m/n/12 Главная идея лекции: Trans-former заменяет рекуррентность и свјртки механизмом
 []


Overfull \hbox (52.42776pt too wide) in paragraph at lines 3546--3547
\T2A/cmr/m/n/12 последовательности, хорошо параллелится и эффективно работает с длинными зависимостями. 
 []

[77]
Overfull \hbox (7.22859pt too wide) in paragraph at lines 3594--3595
[]\T2A/cmr/m/n/12 CNN для текста хорошо ловит локальные паттерны, но для моделирования дальних
 []

[78] [79]
Overfull \hbox (82.95557pt too wide) in paragraph at lines 3699--3700
[]\T2A/cmr/bx/n/12 Better re-sults on long se-quences\T2A/cmr/m/n/12 : модель лучше работает с длинными последовательностями,
 []

<lecture04_attention_advantages.png, id=2425, 619.56468pt x 292.84406pt>
File: lecture04_attention_advantages.png Graphic file (type png)
<use lecture04_attention_advantages.png>
Package pdftex.def Info: lecture04_attention_advantages.png  used on input line 3705.
(pdftex.def)             Requested size: 386.96027pt x 182.89749pt.

Underfull \hbox (badness 10000) in paragraph at lines 3706--3706
[]\T2A/cmr/m/n/12 Figure 16: []Преимущества at-ten-tion: лучшее качество на длинных
 []

[80 <./lecture04_attention_advantages.png>]
Overfull \hbox (7.36871pt too wide) in paragraph at lines 3719--3720
[]\T2A/cmr/m/n/12 Transformer был предложен для машинного перевода и показал сильные результаты
 []


Overfull \hbox (22.47469pt too wide) in paragraph at lines 3744--3745
[]\T2A/cmr/m/n/12 Encoder читает входную последовательность и строит контекстуальные представления
 []

<lecture04_transformer_stack.png, id=2433, 482.55281pt x 303.38344pt>
File: lecture04_transformer_stack.png Graphic file (type png)
<use lecture04_transformer_stack.png>
Package pdftex.def Info: lecture04_transformer_stack.png  used on input line 3758.
(pdftex.def)             Requested size: 386.96027pt x 243.29036pt.
[81]
Overfull \hbox (74.52307pt too wide) in paragraph at lines 3785--3786
[]\T2A/cmr/m/n/12 Self-attention позволяет каждому токену учитывать другие токены входной последовательности. 
 []

<lecture04_encoder_block.png, id=2438, 567.62062pt x 310.15875pt>
File: lecture04_encoder_block.png Graphic file (type png)
<use lecture04_encoder_block.png>
Package pdftex.def Info: lecture04_encoder_block.png  used on input line 3792.
(pdftex.def)             Requested size: 364.19667pt x 199.01204pt.
[82 <./lecture04_transformer_stack.png>]
Overfull \hbox (1.47583pt too wide) in paragraph at lines 3796--3797
\T2A/cmr/m/n/12 последовательно. Поэтому вычисления внутри слоя можно эффективно параллелить. 
 []


Overfull \hbox (22.40746pt too wide) in paragraph at lines 3800--3801
\T2A/cmr/m/n/12 Self-attention нужен, чтобы при обработке каждого токена учитывать другие релевантные
 []

<lecture04_self_attention_high_level.png, id=2447, 324.46219pt x 298.86656pt>
File: lecture04_self_attention_high_level.png Graphic file (type png)
<use lecture04_self_attention_high_level.png>
Package pdftex.def Info: lecture04_self_attention_high_level.png  used on input line 3827.
(pdftex.def)             Requested size: 341.43307pt x 314.52142pt.
[83 <./lecture04_encoder_block.png>] [84 <./lecture04_self_attention_high_level.png>]
Overfull \hbox (8.94887pt too wide) in paragraph at lines 3874--3875
[]\T2A/cmr/bx/n/12 Value \T2A/cmr/m/n/12 --- какая информация будет передана, если на этот токен обратят внимание. 
 []


Overfull \hbox (6.39374pt too wide) in paragraph at lines 3895--3896
[]\T2A/cmr/m/n/12 Деление на $[]$ нужно для численной стабильности. Если размерность $\OML/cmm/m/it/12 d[]$ \T2A/cmr/m/n/12 большая,
 []


Overfull \hbox (13.8254pt too wide) in paragraph at lines 3895--3896
\T2A/cmr/m/n/12 скалярные произведения могут иметь большую дисперсию, soft-max становится слишком
 []

<lecture04_scaled_dot_product_attention.png, id=2461, 605.26125pt x 298.11375pt>
File: lecture04_scaled_dot_product_attention.png Graphic file (type png)
<use lecture04_scaled_dot_product_attention.png>
Package pdftex.def Info: lecture04_scaled_dot_product_attention.png  used on input line 3924.
(pdftex.def)             Requested size: 364.19667pt x 179.37909pt.
[85] [86 <./lecture04_scaled_dot_product_attention.png>]
Overfull \hbox (9.64944pt too wide) in paragraph at lines 4002--4003
[]\T2A/cmr/m/n/12 В self-attention любая позиция может напрямую обратиться к любой другой позиции
 []


Overfull \hbox (9.15506pt too wide) in paragraph at lines 4026--4027
\T2A/cmr/m/n/12 После self-attention представление каждого токена зависит от всей последовательности.
 []


Overfull \hbox (36.34079pt too wide) in paragraph at lines 4032--4033
[]\T2A/cmr/m/n/12 Но одной attention-головы может быть недостаточно: разные типы связей в предложении
 []

[87] [88]
Overfull \hbox (26.71877pt too wide) in paragraph at lines 4099--4100
[]\T2A/cmr/m/n/12 То есть это несколько at-ten-tion lay-ers, работающих параллельно с разными обучаемыми
 []


Underfull \hbox (badness 10000) in paragraph at lines 4110--4111
[]|\T2A/cmr/m/n/12 Несколько attention-механизмов
 []


Underfull \hbox (badness 10000) in paragraph at lines 4112--4112
[]|\T2A/cmr/m/n/12 Одна мера сходства между
 []


Underfull \hbox (badness 10000) in paragraph at lines 4115--4115
[]|\T2A/cmr/m/n/12 Может ловить один
 []


Underfull \hbox (badness 10000) in paragraph at lines 4118--4118
[]|\T2A/cmr/m/n/12 Выход сразу используется
 []


Underfull \hbox (badness 10000) in paragraph at lines 4119--4120
[]|\T2A/cmr/m/n/12 Выходы голов конкатенируются и
 []


Overfull \hbox (43.45642pt too wide) in paragraph at lines 4129--4130
[]\T2A/cmr/m/n/12 Если переставить токены в последовательности, то механизм at-ten-tion без дополнительной
 []


Overfull \hbox (4.23201pt too wide) in paragraph at lines 4129--4130
\T2A/cmr/m/n/12 информации не имеет встроенного способа понять, какая позиция была первой, второй
 []

[89]
Overfull \hbox (54.62097pt too wide) in paragraph at lines 4157--4158
[]\T2A/cmr/m/n/12 расстояние между одинаковыми позициями должно сохраняться для последовательностей
 []


Overfull \hbox (24.79637pt too wide) in paragraph at lines 4159--4160
[]\T2A/cmr/m/n/12 желательно, чтобы он работал с последовательностями длиннее тех, что встречались
 []


Overfull \hbox (13.4408pt too wide) in paragraph at lines 4206--4207
[]\T2A/cmr/m/n/12 разные частоты позволяют кодировать как локальные, так и дальние позиционные
 []

<lecture04_positional_encoding_sincos.png, id=2485, 571.38469pt x 258.21469pt>
File: lecture04_positional_encoding_sincos.png Graphic file (type png)
<use lecture04_positional_encoding_sincos.png>
Package pdftex.def Info: lecture04_positional_encoding_sincos.png  used on input line 4212.
(pdftex.def)             Requested size: 386.96027pt x 174.87051pt.
[90]
Overfull \hbox (2.73093pt too wide) in paragraph at lines 4257--4258
\T2A/cmr/m/n/12 многих com-puter vi-sion задачах, но может быть менее удобно для последовательностей
 []

[91 <./lecture04_positional_encoding_sincos.png>]
Underfull \hbox (badness 2020) in paragraph at lines 4271--4272
[]|\T2A/cmr/m/n/12 Не зависит от других объектов в
 []


Underfull \hbox (badness 2452) in paragraph at lines 4277--4278
[]|\T2A/cmr/m/n/12 Удобен для последовательностей и
 []


Overfull \hbox (6.25093pt too wide) in paragraph at lines 4285--4286
\T2A/cmr/m/n/12 Хотя в презентации основной акцент сделан на at-ten-tion и nor-mal-iza-tion, в стандартном
 []

[92] [93]
<lecture04_decoder_mask.png, id=2509, 448.67625pt x 277.035pt>
File: lecture04_decoder_mask.png Graphic file (type png)
<use lecture04_decoder_mask.png>
Package pdftex.def Info: lecture04_decoder_mask.png  used on input line 4389.
(pdftex.def)             Requested size: 386.96027pt x 238.93448pt.
 [94 <./lecture04_decoder_mask.png>]
Underfull \hbox (badness 10000) in paragraph at lines 4472--4472
[]|\T2A/cmr/m/n/12 Естественно моделирует
 []


Underfull \hbox (badness 10000) in paragraph at lines 4472--4472
\T2A/cmr/m/n/12 последовательность,
 []


Underfull \hbox (badness 10000) in paragraph at lines 4473--4474
[]|\T2A/cmr/m/n/12 Плохо параллелится,
 []


Underfull \hbox (badness 10000) in paragraph at lines 4473--4474
\T2A/cmr/m/n/12 длинный путь между
 []


Underfull \hbox (badness 1383) in paragraph at lines 4473--4474
\T2A/cmr/m/n/12 дальними токенами, van-
 []


Underfull \hbox (badness 10000) in paragraph at lines 4476--4476
\T2A/cmr/m/n/12 паттерны, параллелится
 []


Underfull \hbox (badness 10000) in paragraph at lines 4480--4480
[]|\T2A/cmr/m/n/12 Короткий путь между
 []


Underfull \hbox (badness 10000) in paragraph at lines 4480--4480
\T2A/cmr/m/n/12 любыми позициями,
 []


Underfull \hbox (badness 10000) in paragraph at lines 4480--4480
\T2A/cmr/m/n/12 хорошо параллелится,
 []


Underfull \hbox (badness 10000) in paragraph at lines 4480--4480
\T2A/cmr/m/n/12 моделирует дальние
 []


Underfull \hbox (badness 10000) in paragraph at lines 4481--4482
[]|\T2A/cmr/m/n/12 Self-attention имеет
 []


Underfull \hbox (badness 10000) in paragraph at lines 4481--4482
\T2A/cmr/m/n/12 квадратичную
 []


Underfull \hbox (badness 10000) in paragraph at lines 4481--4482
\T2A/cmr/m/n/12 сложность по длине
 []

[95]
Overfull \hbox (4.03612pt too wide) in paragraph at lines 4496--4497
[]\T2A/cmr/m/n/12 Поэтому сложность по времени и памяти относительно длины последовательности: 
 []


Overfull \hbox (12.0349pt too wide) in paragraph at lines 4504--4505
[]\T2A/cmr/m/n/12 Однако для умеренных длин Trans-former очень эффективен, потому что вычисления
 []


Overfull \hbox (6.97299pt too wide) in paragraph at lines 4519--4520
[]\T2A/cmr/m/n/12 Ключевая идея: at-ten-tion является более общим механизмом связывания элементов
 []


Overfull \hbox (2.847pt too wide) in paragraph at lines 4524--4525
[]\T2A/cmr/m/n/12 Transformer основан на self-attention и не использует RNN или CNN как основной
 []


Overfull \hbox (78.76787pt too wide) in paragraph at lines 4525--4526
[]\T2A/cmr/m/n/12 Self-attention позволяет каждому токену учитывать все остальные токены последовательности. 
 []

[96]
Overfull \hbox (25.4816pt too wide) in paragraph at lines 4542--4543
[]\T2A/cmr/m/n/12 Transformer хорошо параллелится и имеет короткий путь между любыми позициями. 
 []

[97] [98] [99]
<lecture05_self_attention_matrix.png, id=2553, 534.49687pt x 290.58563pt>
File: lecture05_self_attention_matrix.png Graphic file (type png)
<use lecture05_self_attention_matrix.png>
Package pdftex.def Info: lecture05_self_attention_matrix.png  used on input line 4756.
(pdftex.def)             Requested size: 341.43307pt x 185.63275pt.
 [100 <./lecture05_self_attention_matrix.png>]
Overfull \hbox (36.508pt too wide) in paragraph at lines 4806--4807
[]\T2A/cmr/m/n/12 Смысл multi-head at-ten-tion: разные головы могут смотреть на разные типы зависимостей
 []

<lecture05_multi_head_attention.png, id=2560, 581.92406pt x 322.95656pt>
File: lecture05_multi_head_attention.png Graphic file (type png)
<use lecture05_multi_head_attention.png>
Package pdftex.def Info: lecture05_multi_head_attention.png  used on input line 4820.
(pdftex.def)             Requested size: 409.71692pt x 227.38872pt.
[101]
Overfull \hbox (23.45357pt too wide) in paragraph at lines 4842--4843
[]\T2A/cmr/m/n/12 Positional en-cod-ing нужен, чтобы модель могла различать предложения с одинаковыми
 []

[102 <./lecture05_multi_head_attention.png>]
<lecture05_positional_encoding.png, id=2572, 537.50812pt x 322.20375pt>
File: lecture05_positional_encoding.png Graphic file (type png)
<use lecture05_positional_encoding.png>
Package pdftex.def Info: lecture05_positional_encoding.png  used on input line 4883.
(pdftex.def)             Requested size: 386.96027pt x 231.96193pt.
 [103 <./lecture05_positional_encoding.png>] [104]
<lecture05_transformer_recap.png, id=2583, 475.02469pt x 325.215pt>
File: lecture05_transformer_recap.png Graphic file (type png)
<use lecture05_transformer_recap.png>
Package pdftex.def Info: lecture05_transformer_recap.png  used on input line 4987.
(pdftex.def)             Requested size: 341.43307pt x 233.76259pt.

Overfull \hbox (5.36496pt too wide) in paragraph at lines 4993--4994
\T2A/cmr/bx/n/12 Transfer learn-ing \T2A/cmr/m/n/12 --- подход, при котором модель сначала обучается на одной большой
 []

[105 <./lecture05_transformer_recap.png>]
Overfull \hbox (23.77994pt too wide) in paragraph at lines 5015--5016
[]\T2A/cmr/m/n/12 Главное преимущество: для pre-training можно использовать огромные неразмеченные
 []


Overfull \hbox (1.85403pt too wide) in paragraph at lines 5047--5048
[]\T2A/cmr/m/n/12 Так как модель обучается предсказывать следующий токен, она должна научиться
 []


Overfull \hbox (18.17874pt too wide) in paragraph at lines 5053--5054
\T2A/cmr/m/n/12 После pre-training слои модели уже умеют разумно обрабатывать язык. Для downstream-
 []

[106]
<lecture05_openai_transformer_finetuning.png, id=2596, 566.86781pt x 299.61937pt>
File: lecture05_openai_transformer_finetuning.png Graphic file (type png)
<use lecture05_openai_transformer_finetuning.png>
Package pdftex.def Info: lecture05_openai_transformer_finetuning.png  used on input line 5078.
(pdftex.def)             Requested size: 386.96027pt x 204.53397pt.

Overfull \hbox (34.5675pt too wide) in paragraph at lines 5091--5092
[]\T2A/cmr/bx/n/12 Similarity\T2A/cmr/m/n/12 : подаются две версии пары текстов, затем их представления сравниваются. 
 []


Overfull \hbox (65.86124pt too wide) in paragraph at lines 5092--5093
[]\T2A/cmr/bx/n/12 Multiple choice\T2A/cmr/m/n/12 : для каждого варианта ответа формируется отдельная последовательность
 []

<lecture05_input_transformations.png, id=2597, 557.83406pt x 316.93407pt>
File: lecture05_input_transformations.png Graphic file (type png)
<use lecture05_input_transformations.png>
Package pdftex.def Info: lecture05_input_transformations.png  used on input line 5098.
(pdftex.def)             Requested size: 432.48051pt x 245.72292pt.
[107 <./lecture05_openai_transformer_finetuning.png>]
Overfull \hbox (10.78658pt too wide) in paragraph at lines 5104--5105
\T2A/cmr/m/n/12 До контекстуальных em-bed-dings одно слово обычно имело один фиксированный вектор. 
 []


Overfull \hbox (20.72005pt too wide) in paragraph at lines 5139--5140
[]\T2A/cmr/m/n/12 Давать слову em-bed-ding, зависящий от контекста, в котором оно используется. 
 []

[108 <./lecture05_input_transformations.png>]
<lecture05_elmo_bilm.png, id=2611, 584.1825pt x 292.09125pt>
File: lecture05_elmo_bilm.png Graphic file (type png)
<use lecture05_elmo_bilm.png>
Package pdftex.def Info: lecture05_elmo_bilm.png  used on input line 5188.
(pdftex.def)             Requested size: 386.96027pt x 193.485pt.
 [109 <./lecture05_elmo_bilm.png>]
Overfull \hbox (4.18687pt too wide) in paragraph at lines 5227--5228
[]\T2A/cmr/m/n/12 ELMo можно добавить почти в любую нейронную NLP-модель через конкатенацию
 []

[110]
<lecture05_bert_classification.png, id=2622, 572.1375pt x 231.11343pt>
File: lecture05_bert_classification.png Graphic file (type png)
<use lecture05_bert_classification.png>
Package pdftex.def Info: lecture05_bert_classification.png  used on input line 5270.
(pdftex.def)             Requested size: 386.96027pt x 156.31221pt.

Overfull \hbox (3.70981pt too wide) in paragraph at lines 5298--5299
[]\T2A/cmr/m/n/12 Для классификации в начало последовательности добавляется специальный токен: 
 []

[111 <./lecture05_bert_classification.png>]
Overfull \hbox (9.22437pt too wide) in paragraph at lines 5312--5313
[]\T2A/cmr/m/n/12 Для sen-tence clas-si-fi-ca-tion обычно берјтся вектор первой позиции, соответствующий: 
 []

[112] [113] [114]
Overfull \hbox (4.29933pt too wide) in paragraph at lines 5496--5497
[]\T2A/cmr/m/n/12 Fine-tuning обычно дајт лучшее качество, но fea-ture ex-trac-tion может быть полезен,
 []


Underfull \hbox (badness 2293) in paragraph at lines 5558--5559
[]|\T2A/cmr/m/n/12 Контекстуальные em-bed-dings
 []


Underfull \hbox (badness 10000) in paragraph at lines 5560--5560
[]|\T2A/cmr/m/n/12 OpenAI Trans-
 []


Underfull \hbox (badness 2027) in paragraph at lines 5562--5563
[]|\T2A/cmr/m/n/12 Pre-training через next-token
 []


Underfull \hbox (badness 10000) in paragraph at lines 5566--5567
[]|\T2A/cmr/m/n/12 Bidirectional rep-re-sen-ta-tions
 []

[115] [116] [117]
Overfull \hbox (10.075pt too wide) in paragraph at lines 5689--5690
[]\T2A/cmr/m/n/12 Главная идея лекции: можно обучать полезные представления без ручной разметки.
 []


Overfull \hbox (4.29308pt too wide) in paragraph at lines 5689--5690
\T2A/cmr/m/n/12 Для этого модель решает автоматически сгенерированную задачу, а затем полученные
 []


Overfull \hbox (17.90215pt too wide) in paragraph at lines 5693--5694
\T2A/cmr/bx/n/12 Self-supervised learn-ing \T2A/cmr/m/n/12 --- подход, при котором модель обучается без ручной разметки,
 []

[118] [119]
<lecture06_ssl_evaluation_pipeline.png, id=2680, 578.91281pt x 325.96782pt>
File: lecture06_ssl_evaluation_pipeline.png Graphic file (type png)
<use lecture06_ssl_evaluation_pipeline.png>
Package pdftex.def Info: lecture06_ssl_evaluation_pipeline.png  used on input line 5794.
(pdftex.def)             Requested size: 409.71692pt x 230.69765pt.
 [120]
Overfull \hbox (39.21223pt too wide) in paragraph at lines 5802--5803
[]\T2A/cmr/m/n/12 Идея: если модель умеет решать задачу, требующую понимания структуры изображения,
 []

[121 <./lecture06_ssl_evaluation_pipeline.png>]
Overfull \hbox (6.22243pt too wide) in paragraph at lines 5831--5832
\T2A/cmr/m/n/12 иметь некоторый vi-sual com-mon-sense, то есть понимать, как объекты обычно выглядят. 
 []


Overfull \hbox (5.33008pt too wide) in paragraph at lines 5833--5834
[]\T2A/cmr/m/n/12 Например, чтобы понять, что птица повернута на $\OT1/cmr/m/n/12 90[]$\T2A/cmr/m/n/12 , модель должна распознавать
 []

<lecture06_rotation_prediction.png, id=2698, 583.42969pt x 316.93407pt>
File: lecture06_rotation_prediction.png Graphic file (type png)
<use lecture06_rotation_prediction.png>
Package pdftex.def Info: lecture06_rotation_prediction.png  used on input line 5838.
(pdftex.def)             Requested size: 409.71692pt x 222.57289pt.

Overfull \hbox (5.7614pt too wide) in paragraph at lines 5844--5845
\T2A/cmr/m/n/12 После pre-train-ing на ro-ta-tion pre-dic-tion можно проверить, насколько хорошие признаки
 []


Overfull \hbox (16.4401pt too wide) in paragraph at lines 5854--5855
[]\T2A/cmr/m/n/12 Такие эксперименты показывают, что даже простая pre-text task может дать признаки
 []


Overfull \hbox (33.12866pt too wide) in paragraph at lines 5860--5861
\T2A/cmr/m/n/12 В этой задаче из изображения выбираются два patch-а. Один patch считается центральным,
 []

[122 <./lecture06_rotation_prediction.png>]
Overfull \hbox (12.68336pt too wide) in paragraph at lines 5862--5863
[]\T2A/cmr/m/n/12 Модель должна предсказать относительное положение второго patch-а относительно
 []


Overfull \hbox (3.38759pt too wide) in paragraph at lines 5870--5871
[]\T2A/cmr/m/n/12 где 8 классов соответствуют восьми соседним областям вокруг центрального patch-
 []


Overfull \hbox (15.19585pt too wide) in paragraph at lines 5872--5873
[]\T2A/cmr/m/n/12 Чтобы решить такую задачу, модель должна понимать spa-tial struc-ture изображения. 
 []


Overfull \hbox (25.7976pt too wide) in paragraph at lines 5878--5879
\T2A/cmr/m/n/12 В jig-saw pre-text task изображение разбивается на несколько фрагментов, затем фрагменты
 []

<lecture06_jigsaw_pretext.png, id=2705, 584.1825pt x 281.55188pt>
File: lecture06_jigsaw_pretext.png Graphic file (type png)
<use lecture06_jigsaw_pretext.png>
Package pdftex.def Info: lecture06_jigsaw_pretext.png  used on input line 5895.
(pdftex.def)             Requested size: 409.71692pt x 197.4716pt.

Underfull \hbox (badness 2772) in paragraph at lines 5896--5896
[]\T2A/cmr/m/n/12 Figure 33: []Self-supervised pre-text task: решение jig-saw puz-zle по patch-ам
 []

[123]
Overfull \hbox (6.7486pt too wide) in paragraph at lines 5917--5918
[]\T2A/cmr/m/n/12 Смысл: чтобы восстановить скрытый фрагмент, модель должна понимать контекст
 []

<lecture06_inpainting_encoder_decoder.png, id=2710, 545.03625pt x 301.125pt>
File: lecture06_inpainting_encoder_decoder.png Graphic file (type png)
<use lecture06_inpainting_encoder_decoder.png>
Package pdftex.def Info: lecture06_inpainting_encoder_decoder.png  used on input line 5924.
(pdftex.def)             Requested size: 386.96027pt x 213.79105pt.
[124 <./lecture06_jigsaw_pretext.png>] [125 <./lecture06_inpainting_encoder_decoder.png>]
Overfull \hbox (9.75066pt too wide) in paragraph at lines 5973--5974
[]\T2A/cmr/m/n/12 учит модель не просто минимизировать pixel-wise ошибку, а генерировать визуально
 []


Overfull \hbox (29.97432pt too wide) in paragraph at lines 5977--5978
\T2A/cmr/m/n/12 В col-oriza-tion исходное изображение переводится в grayscale, а модель должна восстановить
 []

[126]
Overfull \hbox (7.7352pt too wide) in paragraph at lines 6037--6038
[]\T2A/cmr/m/n/12 Если объект движется в видео, его цвет должен быть согласован во времени. 
 []


Overfull \hbox (1.03409pt too wide) in paragraph at lines 6060--6061
\T2A/cmr/m/n/12 научилась переносить цвета между кадрами, она фактически научилась сопоставлять
 []

[127] [128]
Overfull \hbox (19.44199pt too wide) in paragraph at lines 6167--6168
[]\T2A/cmr/m/n/12 То есть con-trastive learn-ing превращается в задачу классификации: найти правильную
 []

[129]
<lecture06_simclr_positive_pairs.png, id=2740, 569.12625pt x 321.45094pt>
File: lecture06_simclr_positive_pairs.png Graphic file (type png)
<use lecture06_simclr_positive_pairs.png>
Package pdftex.def Info: lecture06_simclr_positive_pairs.png  used on input line 6241.
(pdftex.def)             Requested size: 409.71692pt x 231.42487pt.
 [130 <./lecture06_simclr_positive_pairs.png>]
Overfull \hbox (6.16122pt too wide) in paragraph at lines 6288--6289
[]\T2A/cmr/m/n/12 Это важно, потому что con-trastive ob-jec-tive может выбрасывать часть информации,
 []

[131]
Overfull \hbox (13.38603pt too wide) in paragraph at lines 6310--6311
[]\T2A/cmr/m/n/12 Но большой batch size требует много памяти, особенно при back-prop-a-ga-tion. Поэтому
 []

<lecture06_moco_scheme.png, id=2759, 575.14874pt x 325.96782pt>
File: lecture06_moco_scheme.png Graphic file (type png)
<use lecture06_moco_scheme.png>
Package pdftex.def Info: lecture06_moco_scheme.png  used on input line 6333.
(pdftex.def)             Requested size: 409.71692pt x 232.21468pt.
[132]
Overfull \hbox (11.25179pt too wide) in paragraph at lines 6364--6365
[]\T2A/cmr/m/n/12 Такой up-date делает key en-coder стабильным, что важно, потому что queue содержит
 []

[133 <./lecture06_moco_scheme.png>]
Overfull \hbox (32.62346pt too wide) in paragraph at lines 6416--6417
[]\T2A/cmr/m/n/12 decoupling mini-batch size и neg-a-tive sam-ple size позволяет MoCo v2 быть эффективным
 []

[134]
<lecture06_cpc_overview.png, id=2776, 582.67688pt x 317.68687pt>
File: lecture06_cpc_overview.png Graphic file (type png)
<use lecture06_cpc_overview.png>
Package pdftex.def Info: lecture06_cpc_overview.png  used on input line 6452.
(pdftex.def)             Requested size: 409.71692pt x 223.39241pt.
 [135 <./lecture06_cpc_overview.png>]
Overfull \hbox (2.91914pt too wide) in paragraph at lines 6506--6507
[]\T2A/cmr/m/n/12 Затем применяется In-foNCE loss: правильный fu-ture sam-ple должен иметь высокий
 []


Overfull \hbox (0.22249pt too wide) in paragraph at lines 6522--6523
[]\T2A/cmr/m/n/12 Тогда верхняя часть изображения является con-text, а нижнюю нужно предсказать
 []

[136]
Overfull \hbox (23.51125pt too wide) in paragraph at lines 6555--6556
[]\T2A/cmr/m/n/12 CLIP использует con-trastive learn-ing между изображениями и текстовыми описаниями. 
 []

[137]
Overfull \hbox (16.66782pt too wide) in paragraph at lines 6584--6585
[]\T2A/cmr/m/n/12 CPC применяет con-trastive learn-ing к последовательностям и учится предсказывать
 []


Overfull \hbox (48.25784pt too wide) in paragraph at lines 6590--6592
[]\T2A/cmr/m/n/12 Определение self-supervised learn-ing: la-bels для pre-text task генерируются автоматически. 
 []

[138] [139]
Overfull \hbox (52.3279pt too wide) in paragraph at lines 6722--6723
[]\T2A/cmr/m/n/12 Главная идея лекции: Re-in-force-ment Learn-ing изучает обучение агента через взаимодействие
 []


Overfull \hbox (5.28711pt too wide) in paragraph at lines 6722--6723
\T2A/cmr/m/n/12 для каждого состояния; он получает только feed-back в виде re-ward и должен научиться
 []

[140]
Overfull \hbox (23.2273pt too wide) in paragraph at lines 6750--6751
[]\T2A/cmr/m/n/12 Обычно предполагается, что объекты выборки независимы и одинаково распределены,
 []

[141]
<lecture07_agent_environment_loop.png, id=2821, 603.0028pt x 209.28188pt>
File: lecture07_agent_environment_loop.png Graphic file (type png)
<use lecture07_agent_environment_loop.png>
Package pdftex.def Info: lecture07_agent_environment_loop.png  used on input line 6806.
(pdftex.def)             Requested size: 386.96027pt x 134.30078pt.
 [142 <./lecture07_agent_environment_loop.png>]
Overfull \hbox (3.81456pt too wide) in paragraph at lines 6866--6867
[]\T2A/cmr/m/n/12 action --- изменение скорости вращения, угла и других управляющих параметров; 
 []

[143]
Overfull \hbox (19.89474pt too wide) in paragraph at lines 6892--6893
[]\T2A/cmr/m/n/12 Но иногда действие, которое хорошо прямо сейчас, плохо в долгосрочной перспективе. 
 []

[144]
<lecture07_mdp_formalism.png, id=2842, 617.30624pt x 353.06906pt>
File: lecture07_mdp_formalism.png Graphic file (type png)
<use lecture07_mdp_formalism.png>
Package pdftex.def Info: lecture07_mdp_formalism.png  used on input line 6991.
(pdftex.def)             Requested size: 386.96027pt x 221.33026pt.
 [145] [146 <./lecture07_mdp_formalism.png>]
Overfull \hbox (1.32768pt too wide) in paragraph at lines 7054--7055
\T2A/cmr/bx/n/12 Value func-tion \T2A/cmr/m/n/12 показывает, насколько хорошо находиться в состоянии $\OML/cmm/m/it/12 s$\T2A/cmr/m/n/12 , если дальше
 []

[147]
Overfull \hbox (30.95657pt too wide) in paragraph at lines 7149--7150
[]\T2A/cmr/m/n/12 Идея op-er-ant con-di-tion-ing: поведение может усиливаться или ослабляться в зависимости
 []


Overfull \hbox (18.10011pt too wide) in paragraph at lines 7151--7152
[]\T2A/cmr/m/n/12 Например, если крыса нажимает рычаг и получает еду, вероятность такого поведения
 []


Overfull \hbox (1.83488pt too wide) in paragraph at lines 7151--7152
\T2A/cmr/m/n/12 растјт. Это похоже на RL: действие, приведшее к положительному re-ward, становится
 []

[148]
<lecture07_cem_tabular_overview.png, id=2866, 615.80063pt x 341.77687pt>
File: lecture07_cem_tabular_overview.png Graphic file (type png)
<use lecture07_cem_tabular_overview.png>
Package pdftex.def Info: lecture07_cem_tabular_overview.png  used on input line 7222.
(pdftex.def)             Requested size: 386.96027pt x 214.77298pt.
 [149]
<lecture07_cem_policy_update.png, id=2876, 618.81187pt x 341.02406pt>
File: lecture07_cem_policy_update.png Graphic file (type png)
<use lecture07_cem_policy_update.png>
Package pdftex.def Info: lecture07_cem_policy_update.png  used on input line 7263.
(pdftex.def)             Requested size: 386.96027pt x 213.25919pt.
 [150 <./lecture07_cem_tabular_overview.png>]
Overfull \hbox (19.21027pt too wide) in paragraph at lines 7271--7272
[]\T2A/cmr/m/n/12 В реальных задачах пространство состояний может быть огромным или бесконечным. 
 []


Overfull \hbox (5.92863pt too wide) in paragraph at lines 7273--7274
[]\T2A/cmr/m/n/12 Например, если ob-ser-va-tion --- изображение из игры, то число возможных состояний
 []

[151 <./lecture07_cem_policy_update.png>]
<lecture07_approximate_cem.png, id=2890, 614.295pt x 345.54094pt>
File: lecture07_approximate_cem.png Graphic file (type png)
<use lecture07_approximate_cem.png>
Package pdftex.def Info: lecture07_approximate_cem.png  used on input line 7345.
(pdftex.def)             Requested size: 409.71692pt x 230.46725pt.
 [152 <./lecture07_approximate_cem.png>] [153] [154]
Underfull \hbox (badness 10000) in paragraph at lines 7582--7582
[]|\T2A/cmr/m/n/12 Цель обычно локальная:
 []

[155]
Underfull \hbox (badness 5331) in paragraph at lines 7604--7605
[]|\T2A/cmr/m/n/12 Действия агента меняют будущие
 []


Underfull \hbox (badness 10000) in paragraph at lines 7607--7608
[]|\T2A/cmr/m/n/12 Action является центральным
 []


Overfull \hbox (7.75873pt too wide) in paragraph at lines 7635--7636
[]\T2A/cmr/m/n/12 Reinforcement Learn-ing отличается от su-per-vised learn-ing отсутствием правильных
 []

[156] [157] [158]
Overfull \hbox (10.49915pt too wide) in paragraph at lines 7811--7812
[]\T2A/cmr/m/n/12 Главная идея лекции: если известна динамика среды, то задачу поиска оптимальной
 []


Overfull \hbox (0.2836pt too wide) in paragraph at lines 7811--7812
\T2A/cmr/m/n/12 связывают ценность состояния или действия с im-me-di-ate re-ward и ценностью будущих
 []

[159]
<lecture08_mdp_definition.png, id=2948, 569.12625pt x 343.2825pt>
File: lecture08_mdp_definition.png Graphic file (type png)
<use lecture08_mdp_definition.png>
Package pdftex.def Info: lecture08_mdp_definition.png  used on input line 7855.
(pdftex.def)             Requested size: 386.96027pt x 233.41328pt.
 [160]
Overfull \hbox (2.90579pt too wide) in paragraph at lines 7866--7867
[]\T2A/cmr/m/n/12 Все цели и намерения можно рассматривать как максимизацию ожидаемой
 []

[161 <./lecture08_mdp_definition.png>] [162]
<lecture08_discounting_finite_sum.png, id=2964, 556.32843pt x 318.43968pt>
File: lecture08_discounting_finite_sum.png Graphic file (type png)
<use lecture08_discounting_finite_sum.png>
Package pdftex.def Info: lecture08_discounting_finite_sum.png  used on input line 7971.
(pdftex.def)             Requested size: 386.96027pt x 221.49715pt.
 [163 <./lecture08_discounting_finite_sum.png>]
<lecture08_discounting_end_of_effect.png, id=2971, 557.08125pt x 402.00188pt>
File: lecture08_discounting_end_of_effect.png Graphic file (type png)
<use lecture08_discounting_end_of_effect.png>
Package pdftex.def Info: lecture08_discounting_end_of_effect.png  used on input line 8062.
(pdftex.def)             Requested size: 386.96027pt x 279.24634pt.

Underfull \hbox (badness 4621) in paragraph at lines 8063--8063
[]\T2A/cmr/m/n/12 Figure 45: []Интерпретация dis-count-ing: эффект действия продолжается с
 []

[164] [165 <./lecture08_discounting_end_of_effect.png>]
Overfull \hbox (3.70978pt too wide) in paragraph at lines 8154--8155
[]\T2A/cmr/m/n/12 Интуиция: shap-ing добавляет подсказку агенту, но не должен менять оптимальную
 []

<lecture08_reward_shaping.png, id=2984, 549.55313pt x 380.17032pt>
File: lecture08_reward_shaping.png Graphic file (type png)
<use lecture08_reward_shaping.png>
Package pdftex.def Info: lecture08_reward_shaping.png  used on input line 8159.
(pdftex.def)             Requested size: 386.96027pt x 267.70105pt.
[166]
Overfull \hbox (14.14955pt too wide) in paragraph at lines 8192--8193
\T2A/cmr/m/n/12 Если известна dy-nam-ics, то можно мысленно построить дерево всех возможных будущих
 []

[167 <./lecture08_reward_shaping.png>]
Overfull \hbox (43.19322pt too wide) in paragraph at lines 8198--8199
[]\T2A/cmr/m/n/12 Проблема: полный перебор дерева быстро становится невозможным из-за комбинаторного
 []


Overfull \hbox (1.00137pt too wide) in paragraph at lines 8200--8201
[]\T2A/cmr/m/n/12 Value func-tions позволяют компактно описывать ожидаемую полезность состояний
 []

<lecture08_backup_tree.png, id=2995, 527.72156pt x 326.72063pt>
File: lecture08_backup_tree.png Graphic file (type png)
<use lecture08_backup_tree.png>
Package pdftex.def Info: lecture08_backup_tree.png  used on input line 8205.
(pdftex.def)             Requested size: 341.43307pt x 211.38377pt.
[168 <./lecture08_backup_tree.png>]
<lecture08_state_value_function.png, id=3003, 558.58687pt x 386.19281pt>
File: lecture08_state_value_function.png Graphic file (type png)
<use lecture08_state_value_function.png>
Package pdftex.def Info: lecture08_state_value_function.png  used on input line 8258.
(pdftex.def)             Requested size: 386.96027pt x 267.53992pt.

Overfull \hbox (6.71176pt too wide) in paragraph at lines 8280--8281
[]\T2A/cmr/m/n/12 После первого действия pol-icy stochas-tic-ity на первом шаге нет, потому что действие
 []

[169 <./lecture08_state_value_function.png>]
Overfull \hbox (10.45677pt too wide) in paragraph at lines 8300--8301
[]\T2A/cmr/m/n/12 --- насколько хорошо выполнить действие $\OML/cmm/m/it/12 a$ \T2A/cmr/m/n/12 в состоянии $\OML/cmm/m/it/12 s$\T2A/cmr/m/n/12 , если после этого следовать
 []


Package hyperref Warning: Token not allowed in a PDF string (Unicode):
(hyperref)                removing `math shift' on input line 8302.


Package hyperref Warning: Token not allowed in a PDF string (Unicode):
(hyperref)                removing `subscript' on input line 8302.


Package hyperref Warning: Token not allowed in a PDF string (Unicode):
(hyperref)                removing `\pi' on input line 8302.


Package hyperref Warning: Token not allowed in a PDF string (Unicode):
(hyperref)                removing `math shift' on input line 8302.


Package hyperref Warning: Token not allowed in a PDF string (Unicode):
(hyperref)                removing `subscript' on input line 8302.


Package hyperref Warning: Token not allowed in a PDF string (Unicode):
(hyperref)                removing `\pi' on input line 8302.

[170]
<lecture08_bellman_expectation_equations.png, id=3015, 556.32843pt x 378.66469pt>
File: lecture08_bellman_expectation_equations.png Graphic file (type png)
<use lecture08_bellman_expectation_equations.png>
Package pdftex.def Info: lecture08_bellman_expectation_equations.png  used on input line 8402.
(pdftex.def)             Requested size: 386.96027pt x 263.38786pt.

Underfull \hbox (badness 7540) in paragraph at lines 8403--8403
[]\T2A/cmr/m/n/12 Figure 49: []Bellman ex-pec-ta-tion equa-tions оценивают value func-tions для
 []

[171 <./lecture08_bellman_expectation_equations.png>]

Package hyperref Warning: Token not allowed in a PDF string (Unicode):
(hyperref)                removing `math shift' on input line 8457.


Package hyperref Warning: Token not allowed in a PDF string (Unicode):
(hyperref)                removing `subscript' on input line 8457.


Package hyperref Warning: Token not allowed in a PDF string (Unicode):
(hyperref)                removing `math shift' on input line 8505.


Package hyperref Warning: Token not allowed in a PDF string (Unicode):
(hyperref)                removing `subscript' on input line 8505.

[172]
<lecture08_bellman_optimality_q.png, id=3026, 557.08125pt x 386.19281pt>
File: lecture08_bellman_optimality_q.png Graphic file (type png)
<use lecture08_bellman_optimality_q.png>
Package pdftex.def Info: lecture08_bellman_optimality_q.png  used on input line 8530.
(pdftex.def)             Requested size: 386.96027pt x 268.26472pt.


Package hyperref Warning: Token not allowed in a PDF string (Unicode):
(hyperref)                removing `math shift' on input line 8534.


Package hyperref Warning: Token not allowed in a PDF string (Unicode):
(hyperref)                removing `subscript' on input line 8534.


Package hyperref Warning: Token not allowed in a PDF string (Unicode):
(hyperref)                removing `math shift' on input line 8534.


Package hyperref Warning: Token not allowed in a PDF string (Unicode):
(hyperref)                removing `subscript' on input line 8534.

[173 <./lecture08_bellman_optimality_q.png>]
Overfull \hbox (17.1865pt too wide) in paragraph at lines 8589--8590
[]\T2A/cmr/m/n/12 Можно решать еј точно, но на практике часто используют итеративное приближение. 
 []

[174]
Overfull \hbox (0.76324pt too wide) in paragraph at lines 8652--8653
\T2A/cmr/bx/n/12 Generalized Pol-icy It-er-a-tion, GPI \T2A/cmr/m/n/12 --- общий принцип, состоящий из двух процессов: 
 []

[175]
Underfull \hbox (badness 10000) in paragraph at lines 8751--8751
[]|\T2A/cmr/m/n/12 Сначала оценивает pol-icy до
 []


Overfull \hbox (24.99011pt too wide) in paragraph at lines 8790--8791
[]\T2A/cmr/m/n/12 Reward de-sign критически важен: плохой re-ward ведјт к нежелательному поведению. 
 []

[176] [177] [178] [179]
Overfull \hbox (14.07344pt too wide) in paragraph at lines 9036--9037
[]\T2A/cmr/m/n/12 Если эпизод бесконечный, re-turn может расходиться. Например, если агент получает
 []

[180]
Overfull \hbox (6.58347pt too wide) in paragraph at lines 9070--9071
[]\T2A/cmr/m/n/12 Вывод: агент оптимизирует именно заданный re-ward, а не намерение разработчика. 
 []

[181]
<lecture09_discounting_finite_sum.png, id=3093, 512.66531pt x 286.82156pt>
File: lecture09_discounting_finite_sum.png Graphic file (type png)
<use lecture09_discounting_finite_sum.png>
Package pdftex.def Info: lecture09_discounting_finite_sum.png  used on input line 9120.
(pdftex.def)             Requested size: 386.96027pt x 216.49423pt.
 [182 <./lecture09_discounting_finite_sum.png>] [183]
<lecture09_learning_from_trajectories.png, id=3104, 610.53094pt x 338.01282pt>
File: lecture09_learning_from_trajectories.png Graphic file (type png)
<use lecture09_learning_from_trajectories.png>
Package pdftex.def Info: lecture09_learning_from_trajectories.png  used on input line 9277.
(pdftex.def)             Requested size: 409.71692pt x 226.8439pt.


Package hyperref Warning: Token not allowed in a PDF string (Unicode):
(hyperref)                removing `math shift' on input line 9281.

[184 <./lecture09_learning_from_trajectories.png>]
Overfull \hbox (6.3262pt too wide) in paragraph at lines 9295--9296
[]\T2A/cmr/m/n/12 В model-free set-ting dy-nam-ics неизвестна. Поэтому $\OML/cmm/m/it/12 V\OT1/cmr/m/n/12 (\OML/cmm/m/it/12 s\OT1/cmr/m/n/12 )$ \T2A/cmr/m/n/12 само по себе плохо помогает
 []

<lecture09_monte_carlo_paths.png, id=3111, 609.02531pt x 349.305pt>
File: lecture09_monte_carlo_paths.png Graphic file (type png)
<use lecture09_monte_carlo_paths.png>
Package pdftex.def Info: lecture09_monte_carlo_paths.png  used on input line 9342.
(pdftex.def)             Requested size: 386.96027pt x 221.94478pt.
[185] [186 <./lecture09_monte_carlo_paths.png>]
<lecture09_q_learning_update.png, id=3127, 611.28375pt x 342.5297pt>
File: lecture09_q_learning_update.png Graphic file (type png)
<use lecture09_q_learning_update.png>
Package pdftex.def Info: lecture09_q_learning_update.png  used on input line 9462.
(pdftex.def)             Requested size: 386.96027pt x 216.82971pt.

Underfull \hbox (badness 10000) in paragraph at lines 9475--9476
[]|\T2A/cmr/m/n/12 Использует boot-strap-ping через
 []


Underfull \hbox (badness 1867) in paragraph at lines 9478--9479
[]|\T2A/cmr/m/n/12 Может обновляться после каждого
 []


Underfull \hbox (badness 10000) in paragraph at lines 9481--9482
[]|\T2A/cmr/m/n/12 Использует рекурсивную формулу
 []

[187 <./lecture09_q_learning_update.png>]
<lecture09_mc_vs_td.png, id=3137, 563.85657pt x 301.8778pt>
File: lecture09_mc_vs_td.png Graphic file (type png)
<use lecture09_mc_vs_td.png>
Package pdftex.def Info: lecture09_mc_vs_td.png  used on input line 9493.
(pdftex.def)             Requested size: 386.96027pt x 207.17197pt.


Package hyperref Warning: Token not allowed in a PDF string (Unicode):
(hyperref)                removing `math shift' on input line 9497.

[188 <./lecture09_mc_vs_td.png>] [189]
Overfull \hbox (4.61937pt too wide) in paragraph at lines 9650--9651
\T2A/cmr/m/n/12 Иначе обучение становится нестабильным, потому что tar-get сам зависит от обучаемой
 []

[190] [191] [192] [193]
Overfull \hbox (42.15791pt too wide) in paragraph at lines 9903--9904
[]\T2A/cmr/m/n/12 Главная идея лекции: вместо того чтобы учить $\OML/cmm/m/it/12 Q\OT1/cmr/m/n/12 (\OML/cmm/m/it/12 s; a\OT1/cmr/m/n/12 )$\T2A/cmr/m/n/12 , можно напрямую параметризовать
 []


Overfull \hbox (7.14224pt too wide) in paragraph at lines 9921--9922
[]\T2A/cmr/m/n/12 Но иногда учить точные $\OML/cmm/m/it/12 Q$\T2A/cmr/m/n/12 -values сложнее, чем просто научиться выбирать хорошие
 []

[194]
<lecture10_q_approximation_error.png, id=3194, 519.44063pt x 444.91219pt>
File: lecture10_q_approximation_error.png Graphic file (type png)
<use lecture10_q_approximation_error.png>
Package pdftex.def Info: lecture10_q_approximation_error.png  used on input line 9954.
(pdftex.def)             Requested size: 386.96027pt x 331.43622pt.
 [195 <./lecture10_q_approximation_error.png>]
Overfull \hbox (17.24281pt too wide) in paragraph at lines 10038--10039
[]\T2A/cmr/m/n/12 Если всегда играть один и тот же ход, противник быстро адаптируется. Оптимальная
 []

[196]
Underfull \hbox (badness 10000) in paragraph at lines 10061--10062
[]|\T2A/cmr/m/n/12 Exploration обычно добавляется
 []


Underfull \hbox (badness 10000) in paragraph at lines 10066--10067
[]|\T2A/cmr/m/n/12 Классический RE-IN-FORCE
 []

<lecture10_value_based_vs_policy_based.png, id=3205, 608.2725pt x 280.79906pt>
File: lecture10_value_based_vs_policy_based.png Graphic file (type png)
<use lecture10_value_based_vs_policy_based.png>
Package pdftex.def Info: lecture10_value_based_vs_policy_based.png  used on input line 10079.
(pdftex.def)             Requested size: 386.96027pt x 178.63962pt.
[197 <./lecture10_value_based_vs_policy_based.png>] [198]
Overfull \hbox (67.16025pt too wide) in paragraph at lines 10201--10202
[]\T2A/cmr/m/n/12 Проблема: мы хотим вычислить $\OMS/cmsy/m/n/12 r[]\OML/cmm/m/it/12 J\OT1/cmr/m/n/12 (\OML/cmm/m/it/12 ^^R\OT1/cmr/m/n/12 )$\T2A/cmr/m/n/12 , но re-ward и среда могут быть недифференцируемыми. 
 []


Overfull \hbox (10.66008pt too wide) in paragraph at lines 10223--10224
[]\T2A/cmr/m/n/12 Нужно получить аналитическую формулу gra-di-ent, которая позволяет использовать
 []

[199] [200] [201]
<lecture10_reinforce_q_using_g.png, id=3238, 584.93532pt x 409.53pt>
File: lecture10_reinforce_q_using_g.png Graphic file (type png)
<use lecture10_reinforce_q_using_g.png>
Package pdftex.def Info: lecture10_reinforce_q_using_g.png  used on input line 10444.
(pdftex.def)             Requested size: 386.96027pt x 270.93427pt.

Overfull \hbox (5.71622pt too wide) in paragraph at lines 10487--10488
[]\T2A/cmr/m/n/12 Благодаря этому все $\OML/cmm/m/it/12 G[]$ \T2A/cmr/m/n/12 для tra-jec-tory можно посчитать за линейное время, проходя
 []

<lecture10_discounted_returns_linear_time.png, id=3239, 457.71pt x 259.7203pt>
File: lecture10_discounted_returns_linear_time.png Graphic file (type png)
<use lecture10_discounted_returns_linear_time.png>
Package pdftex.def Info: lecture10_discounted_returns_linear_time.png  used on input line 10492.
(pdftex.def)             Requested size: 364.19667pt x 206.66687pt.
[202 <./lecture10_reinforce_q_using_g.png>] [203 <./lecture10_discounted_returns_linear_time.png>] [204] [205]
<lecture10_actor_critic.png, id=3262, 553.31718pt x 183.68625pt>
File: lecture10_actor_critic.png Graphic file (type png)
<use lecture10_actor_critic.png>
Package pdftex.def Info: lecture10_actor_critic.png  used on input line 10721.
(pdftex.def)             Requested size: 364.19667pt x 120.90254pt.
 [206 <./lecture10_actor_critic.png>]
Overfull \hbox (14.4746pt too wide) in paragraph at lines 10827--10828
\T2A/cmr/m/n/12 В pol-icy gra-di-ent методах pol-icy может слишком быстро стать почти детерминированной.
 []

[207]
<lecture10_a3c_scheme.png, id=3273, 598.48593pt x 386.94562pt>
File: lecture10_a3c_scheme.png Graphic file (type png)
<use lecture10_a3c_scheme.png>
Package pdftex.def Info: lecture10_a3c_scheme.png  used on input line 10881.
(pdftex.def)             Requested size: 386.96027pt x 250.1891pt.
 [208 <./lecture10_a3c_scheme.png>] [209] [210] [211]
Overfull \hbox (16.37064pt too wide) in paragraph at lines 11114--11115
\T2A/cmr/m/n/12 позволяет оптимизировать не like-li-hood reference-последовательности, а непосредственно
 []

[212]
Overfull \hbox (15.9268pt too wide) in paragraph at lines 11180--11181
[]\T2A/cmr/bx/n/12 Evolution strate-gies\T2A/cmr/m/n/12 : немного изменять pol-icy, запускать еј и оставлять варианты
 []


Overfull \hbox (26.41473pt too wide) in paragraph at lines 11182--11183
[]\T2A/cmr/bx/n/12 Policy gra-di-ent\T2A/cmr/m/n/12 : напрямую подниматься по градиенту $\OMS/cmsy/m/n/12 r\OML/cmm/m/it/12 J$ \T2A/cmr/m/n/12 относительно параметров
 []

[213]
<lecture11_encoder_decoder_tasks.png, id=3318, 606.76688pt x 350.81062pt>
File: lecture11_encoder_decoder_tasks.png Graphic file (type png)
<use lecture11_encoder_decoder_tasks.png>
Package pdftex.def Info: lecture11_encoder_decoder_tasks.png  used on input line 11216.
(pdftex.def)             Requested size: 386.96027pt x 223.73114pt.

Underfull \hbox (badness 4859) in paragraph at lines 11217--11217
[]\T2A/cmr/m/n/12 Figure 62: []Encoder-decoder задачи: один объект или последовательность
 []

[214 <./lecture11_encoder_decoder_tasks.png>] [215]
<lecture11_attentive_translation_alignment.png, id=3329, 568.37344pt x 323.70938pt>
File: lecture11_attentive_translation_alignment.png Graphic file (type png)
<use lecture11_attentive_translation_alignment.png>
Package pdftex.def Info: lecture11_attentive_translation_alignment.png  used on input line 11345.
(pdftex.def)             Requested size: 386.96027pt x 220.39607pt.
 [216] [217 <./lecture11_attentive_translation_alignment.png>]
<lecture11_distribution_shift.png, id=3341, 575.90157pt x 312.41719pt>
File: lecture11_distribution_shift.png Graphic file (type png)
<use lecture11_distribution_shift.png>
Package pdftex.def Info: lecture11_distribution_shift.png  used on input line 11432.
(pdftex.def)             Requested size: 386.96027pt x 209.9286pt.
 [218]
Overfull \hbox (17.64728pt too wide) in paragraph at lines 11450--11451
[]\T2A/cmr/m/n/12 Supervised max-i-mum like-li-hood заставляет модель поднимать вероятность конкретных
 []

[219 <./lecture11_distribution_shift.png>] [220]
<lecture11_seq2seq_as_pomdp.png, id=3357, 578.16pt x 331.2375pt>
File: lecture11_seq2seq_as_pomdp.png Graphic file (type png)
<use lecture11_seq2seq_as_pomdp.png>
Package pdftex.def Info: lecture11_seq2seq_as_pomdp.png  used on input line 11523.
(pdftex.def)             Requested size: 386.96027pt x 221.69547pt.

Overfull \hbox (1.19873pt too wide) in paragraph at lines 11540--11541
[]\T2A/cmr/m/n/12 В seq2seq случае $\OML/cmm/m/it/12 a$ \T2A/cmr/m/n/12 можно понимать как всю сгенерированную последовательность: 
 []

[221 <./lecture11_seq2seq_as_pomdp.png>] [222] [223]
<lecture11_training_vs_inference.png, id=3373, 580.41844pt x 325.96782pt>
File: lecture11_training_vs_inference.png Graphic file (type png)
<use lecture11_training_vs_inference.png>
Package pdftex.def Info: lecture11_training_vs_inference.png  used on input line 11727.
(pdftex.def)             Requested size: 386.96027pt x 217.32294pt.
 [224 <./lecture11_training_vs_inference.png>]
<lecture11_scst_advantage.png, id=3380, 580.41844pt x 331.2375pt>
File: lecture11_scst_advantage.png Graphic file (type png)
<use lecture11_scst_advantage.png>
Package pdftex.def Info: lecture11_scst_advantage.png  used on input line 11778.
(pdftex.def)             Requested size: 386.96027pt x 220.83624pt.
 [225 <./lecture11_scst_advantage.png>]
Overfull \hbox (18.74182pt too wide) in paragraph at lines 11807--11808
[]\T2A/cmr/m/n/12 Значит sam-pled se-quence лучше текущего greedy поведения модели. Нужно увеличить
 []


Overfull \hbox (34.10341pt too wide) in paragraph at lines 11854--11855
\T2A/cmr/m/n/12 В презентации приводится таблица результатов для im-age cap-tion-ing. Модели сравниваются
 []

[226]
<lecture11_scst_results.png, id=3393, 502.87875pt x 282.30469pt>
File: lecture11_scst_results.png Graphic file (type png)
<use lecture11_scst_results.png>
Package pdftex.def Info: lecture11_scst_results.png  used on input line 11870.
(pdftex.def)             Requested size: 386.96027pt x 217.2288pt.

Overfull \hbox (44.53113pt too wide) in paragraph at lines 11886--11887
[]\T2A/cmr/m/n/12 Например, модель может выучить шаблон, который хорошо выглядит для автоматической
 []

[227 <./lecture11_scst_results.png>]
Overfull \hbox (26.55139pt too wide) in paragraph at lines 11892--11893
[]\T2A/cmr/m/n/12 Поэтому нужно проверять val-i-da-tion per-for-mance и желательно использовать несколько
 []


Overfull \hbox (15.42429pt too wide) in paragraph at lines 11930--11931
[]\T2A/cmr/m/n/12 Но если gen-er-a-tor выдајт dis-crete ob-jects, back-prop-a-ga-tion через sam-pling невозможен. 
 []

[228]
Overfull \hbox (27.6943pt too wide) in paragraph at lines 11941--11942
[]\T2A/cmr/m/n/12 В этом случае gen-er-a-tor можно обучать через pol-icy gra-di-ent: gen-er-a-tor рассматривается
 []


Underfull \hbox (badness 10000) in paragraph at lines 11985--11986
[]|\T2A/cmr/m/n/12 Хорошо для post-training под
 []

[229]
Overfull \hbox (24.01102pt too wide) in paragraph at lines 12005--12006
[]\T2A/cmr/m/n/12 Policy gra-di-ent обучается на собственных out-puts и может напрямую оптимизировать
 []

[230] [231] (./NLP&RL.aux)
 ***********
LaTeX2e <2025-11-01>
L3 programming layer <2026-03-20>
 ***********
Package rerunfilecheck Info: File `NLP&RL.out' has not changed.
(rerunfilecheck)             Checksum: A1480A348299CB53DCE1623D13A08466;79683.
 ) 
Here is how much of TeX's memory you used:
 16285 strings out of 467349
 258108 string characters out of 5419862
 667945 words of memory out of 5000000
 44200 multiletter control sequences out of 15000+600000
 652482 words of font info for 104 fonts, out of 8000000 for 9000
 1141 hyphenation exceptions out of 8191
 75i,12n,79p,614b,729s stack positions out of 10000i,1000n,20000p,200000b,200000s
<c:/texlive/2026/texmf-dist/fonts/type1/public/amsfonts/cm/cmex10.pfb><c:/texlive/2026/texmf-dist/fonts/type1/public/amsfonts/cm/cmmi10.pfb><c:/texlive/2026/texmf-dist/fonts/type1/public/amsfonts/cm/cmmi12.pfb><c:/texlive/2026/texmf-dist/fonts/type1/public/amsfonts/cm/cmmi6.pfb><c:/texlive/2026/texmf-dist/fonts/type1/public/amsfonts/cm/cmmi8.pfb><c:/texlive/2026/texmf-dist/fonts/type1/public/amsfonts/cm/cmmib10.pfb><c:/texlive/2026/texmf-dist/fonts/type1/public/amsfonts/cm/cmr12.pfb><c:/texlive/2026/texmf-dist/fonts/type1/public/amsfonts/cm/cmr6.pfb><c:/texlive/2026/texmf-dist/fonts/type1/public/amsfonts/cm/cmr8.pfb><c:/texlive/2026/texmf-dist/fonts/type1/public/amsfonts/cm/cmsy10.pfb><c:/texlive/2026/texmf-dist/fonts/type1/public/amsfonts/cm/cmsy6.pfb><c:/texlive/2026/texmf-dist/fonts/type1/public/amsfonts/cm/cmsy8.pfb><c:/texlive/2026/texmf-dist/fonts/type1/public/amsfonts/symbols/msbm10.pfb><c:/texlive/2026/texmf-dist/fonts/type1/public/cm-super/sfbx1200.pfb><c:/texlive/2026/texmf-dist/fonts/type1/public/cm-super/sfbx1440.pfb><c:/texlive/2026/texmf-dist/fonts/type1/public/cm-super/sfbx1728.pfb><c:/texlive/2026/texmf-dist/fonts/type1/public/cm-super/sfbx2488.pfb><c:/texlive/2026/texmf-dist/fonts/type1/public/cm-super/sfrm0800.pfb><c:/texlive/2026/texmf-dist/fonts/type1/public/cm-super/sfrm1200.pfb><c:/texlive/2026/texmf-dist/fonts/type1/public/cm-super/sfrm1728.pfb><c:/texlive/2026/texmf-dist/fonts/type1/public/cm-super/sfti1200.pfb><c:/texlive/2026/texmf-dist/fonts/type1/public/cm-super/sftt1200.pfb>
Output written on NLP&RL.pdf (232 pages, 6142344 bytes).
PDF statistics:
 3735 PDF objects out of 4296 (max. 8388607)
 3287 compressed objects within 33 object streams
 944 named destinations out of 1000 (max. 500000)
 3469 words of extra memory for PDF output out of 10000 (max. 10000000)

